name,positive,negative,neutral
1947,34,4,2
#L-81 Cafe,20,0,0
1000 B.C,4,4,0
100ÃƒÂƒÃ‚ÂƒÃƒÂ‚Ã‚ÂƒÃƒÂƒÃ‚Â‚ÃƒÂ‚Ã‚Â‚ÃƒÂƒÃ‚ÂƒÃƒÂ‚Ã‚Â‚ÃƒÂƒÃ‚Â‚ÃƒÂ‚Ã‚Â°C,14,6,0
11 to 11 Express Biriyanis,6,14,2
1131 Bar + Kitchen,19,1,0
12th Main - Grand Mercure,8,2,0
1441 Pizzeria,16,2,2
154 Breakfast Club,15,4,1
1722 Urban Bistro,17,3,0
1980s Games Cafe,2,1,0
1Q1,57,3,0
20 Char - Sterlings MAC Hotel,12,0,4
20 Feet High,54,5,5
24 Carats - The Capitol,48,20,12
24 Hours Cake Delivery,0,2,0
24 Hours Coffee Drop - La Classic,6,0,0
24/7 Food Service,0,6,0
24@43 - The Oterra,6,0,0
24th Main,10,2,0
2nd Home Restaurant,39,0,0
30 Square,29,8,3
360 Atoms Restaurant And Cafe,4,0,0
36th Cross Coffee Mane,5,0,0
"3B's - Buddies, Bar & Barbecues",56,25,1
3rd Innings,12,6,0
4 Mangoes,1,0,0
4Foodiez,2,0,0
4Foodiez - The Restaurant,22,10,0
4K Biryani,0,0,0
4th Tea Block,8,0,0
52 Wall Street,48,12,0
55 Wall Street,36,4,0
56 Bhoga Sweets,13,6,1
5th Main Cafe,40,4,4
7 Days Restaurant,2,0,0
7 Degrees North,16,2,0
7 Hills Andhra Mess,3,1,0
7 Plates,28,2,6
7 Shanghai,10,8,0
7 to 11 Food Court,5,3,0
70 Brigade - Iris Hotel,4,0,0
8 Slice,2,0,0
90's Beer Cafe - Hotel Millennium Plaza,0,3,0
99 Caffe,4,0,0
99 Pancakes,77,3,0
99 Variety Dosa and Pav Bhaji,3,0,0
9D Foods,13,1,1
9th Cross Cafe,8,0,0
@ Biryani Central,4,2,0
@Italy,32,6,2
A 1 Pizza and Food,0,2,0
A Bar,20,8,0
A Hole Lotta Love Cafe,20,0,0
A Southern Fair,6,0,4
A Today Thick Shakes,8,4,2
A.M New Punjab Food Corner,18,12,3
A2B - Adyar Ananda Bhavan,57,21,9
A3 Nuwang Kitchen,1,0,0
ABC Grand,36,4,0
AKS Family Dhaba And Restaurant,2,0,0
AKSHAYA BIRYANI,6,0,0
AM WOW,0,2,4
AM's Cafe Recreate,6,0,0
AQNI,3,3,0
ASEAN - On The Edge,25,5,0
Aadhya Hotel,0,0,0
Aadvik Nightfood,1,0,0
Aagaman Veg,40,5,0
Aaha,0,2,0
Aaha Andhra,19,0,6
Aahar Vihar,4,0,0
Aaharam,16,3,1
Aalishan Restaurant & Caterer,6,0,3
Aami Bangali,14,15,3
Aao G Khao G,2,0,0
Aaranya Restaurant,9,10,1
Aarya Pork Hotel,1,0,0
Aashirvaad Restaurant,1,0,0
Aashish Foods,2,2,0
Aasife & Brothers Biriyani Centre,20,4,0
Aathithya,10,0,0
Aathurar,4,0,0
Abbabi Chicken,1,0,0
Abhiruchi,1,0,0
Abhiruchi Andhra Mess,1,0,0
Abhiruchi Hotel,15,14,0
Abhiruchi Moonlight,0,0,0
Abhiruchi Restaurant,0,0,0
Achayyan's,6,0,0
Adarsh Bakery,2,4,0
Adi's Cake N Cafe,2,2,0
Adithya,8,2,0
Adithya Family Restaurant,24,0,0
Aditya Sweets,4,0,0
Adya Hotel,2,2,0
Adyar Ananda Bhavan - Sweets,2,0,0
Afghani Tandoori Hub,3,3,0
Afoozoo - Ginger Hotel,0,0,2
Afrina's Kitchen,0,0,0
Agarwal Food Service,3,2,0
Agent Jack's Bar,35,16,3
Aha Juice Bar,18,0,0
Ahaan Restaurant,5,12,3
AhimsaAmrit Green Cafe,4,0,0
Airlines Hotel,34,6,0
Ajwa Thalassery Biryani,4,0,0
Akkad Bakkad,10,2,0
Akshara,12,0,0
Akshaya Grand,27,9,4
Akshaya Sambrama Veg Restaurant,24,4,0
Al Amanah Cafe,14,1,0
Al Daaz,36,2,2
Al Diwan Biryanis And More,6,1,2
Al Habibi Restaurant,12,2,0
Al Hayath,14,4,2
Al Khansah,2,3,0
Al Noor,10,0,0
Al Sadique Restaurant,32,4,0
Al Swaad Take Away,2,6,2
Al-Baik Tandoori Restaurant,26,10,4
Al-Bek,22,4,5
Al-Madina,0,0,0
Alampur Bar And Restaurant,3,3,0
Alankrutha,3,0,0
Alba - JW Marriott Bengaluru,16,4,0
Albert Bakery,9,0,0
Alchemy - The Chancery Pavilion,17,2,1
Alibaba Cafe and Restaurant,9,0,3
AlienSip,2,0,0
Alif Restaurant,2,0,0
Aligarh House,26,3,1
All Saints Bakery,14,4,0
All Shook Up,1,0,0
All Shook Up!,12,0,0
Allahabadi Tadaka,2,0,0
Allana Kabab,3,0,0
Alloro - The Oterra,0,0,0
Alpha - House of Biryani & Tandoor,8,4,0
Altaf's Chillies Restaurant,25,11,4
Alto Vino - Bengaluru Marriott Hotel Whitefield,2,0,0
Amande Patisserie,22,0,0
Amanthrana Gardenia,6,0,2
Amar Kolkata,0,0,2
Amara Food Point,3,0,0
Amaravathi Bar & Restaurant,2,0,0
Amaravathi Mess,6,0,0
Amaravati,30,0,0
Amaravati Authentic Andhra Restaurant,20,18,2
Amaravati Food Court,0,0,0
Amaravati Grand,2,0,2
Ambara Gardenia,8,2,0
Amber Rush Restobar,18,0,0
Amber Rush by The Pool,10,1,1
Ambur Azad Darbar,8,0,0
Ambur Biriyani,1,0,0
Ambur Biriyani Classic,10,24,6
Ambur Biriyani Point,8,2,0
Ambur Biryani,6,0,6
Ambur Biryani Hotel,0,0,0
Ambur Biryani Point,6,0,0
Ambur Chicken Biryani,0,0,0
Ambur Dum Biriyani,1,0,0
Ambur Hot Dum Biriyani,0,2,0
Ambur Hot Dum Biryani,24,13,3
Ambur Star Briyani,16,9,3
Ambur Star Dum Biryani,9,9,3
Ambur Tasty Biriyani,0,0,0
Amdo's Corner Tibetan Foods,2,0,0
American Bites,1,2,0
Amexicano,16,1,1
Amma's Cafe,4,0,0
Amma's Pastries,15,3,1
Ammi's Biryani,23,29,8
Ammus Hot N Cool,26,19,5
Amnesia - The Poolside Bar,3,0,0
Amoeba Sports Bar,4,0,1
Amontron,20,3,0
Amour Fine Patisserie,71,4,0
Amravathi Restaurants & Caterers,2,2,0
Amrit,0,0,0
Amritsari Kulcha Bite,30,6,0
Amritsari Kulcha Land,10,2,0
Amrutha Grand Restaurant,4,1,0
Amrutha Mess,4,0,0
Amrutha Sweets,8,0,0
An Egg Story,18,9,3
Anand Donne Biriyani,2,0,0
Anand Sweets And Savouries,36,0,0
Anand Sweets and Savouries,23,0,2
Anda Ka Funda,0,3,0
Andal Mess,2,8,0
Ande Ka Funda,18,10,2
Andhra Amigos,14,8,18
Andhra Bhojanam,3,0,0
Andhra Biryani & Curries,4,2,0
Andhra Biryanis,2,0,4
Andhra Box,0,2,0
Andhra Central,6,2,0
Andhra Chettinad Cuisine,24,6,2
Andhra Food Cafe (AFC),2,2,0
Andhra Kafe,7,2,1
Andhra Kitchen,6,0,0
Andhra Mess,26,25,6
Andhra Paris,0,1,0
Andhra Ruchulu,58,4,5
Andhra Spices,4,2,0
Andhra Spicy Food Court,4,10,4
Andhra Star Biryani,2,2,0
Andhra Vantillu,4,2,0
Andhra Vilaas,0,1,0
Andhra Vindu Multi Cuisine Restaurant,2,4,0
Angel Mutton Leg Soup,5,0,0
Angel Restaurant,3,3,0
Angiie's Cafe,8,1,0
Anika's India Kitchen,4,0,0
Aniram's,0,2,0
Anjappar,24,10,2
Anju's Cafe,8,0,0
Anna Kuteera,12,0,0
Annabell,3,0,0
Annapoorani,6,0,0
Annapurna Andhra Hotel,4,0,0
Annapurna Bengali Restaurant,6,0,0
Annapurna Foods,0,0,1
Antilla Aromas,6,1,0
Anupam's Coast II Coast,22,8,0
Apna Hotel,10,6,2
Apna Punjab,12,3,3
Apoorva Multi Cuisine Restaurant,10,0,0
Appam & Curry,10,0,0
Appana Restaurant,9,0,0
Appetite Workstation,1,0,0
Apsara Ice Cream,88,2,0
Aqua - The Park Bangalore,7,0,0
Arabian Bites,9,15,6
Arabian Mataam,2,0,0
Arabian Shawarma,11,1,2
Arafa Juice Center,3,0,1
Aramane Donne Biriyani,39,18,3
Aramane Donne Briyani,2,0,1
Aramane Restaurant,8,12,0
Arena - Artisanal Brewkitchen,57,3,0
Arina's,9,0,0
Armaani Caffe,3,0,0
Arogya,1,0,0
Aroma Fine Dine,7,0,0
Aroma Of Asia,64,12,4
Aromas Of South,2,0,0
Around The Corner,14,8,0
Art of Delight,46,2,0
Artinci Artisanal Ice Cream,8,2,0
Arya Bhavan Sweets,22,11,0
Arya Hungry?,27,3,0
As On Fire,2,0,0
Asaivam Restaurant,17,0,0
Ascharya Hotel,16,4,0
Asha Sweets Center,12,0,0
Asha Sweets Centre,23,3,0
Asha Tiffins,35,5,0
Ashirvaad Grand,9,3,0
Ashirvad Veg,6,0,0
Asia Alive - DoubleTree Suites By Hilton,8,1,1
Asia In A Box,3,2,1
Asia Kitchen By Mainland China,20,0,0
Assi Tussi Lassi,15,1,0
Atithi,13,7,0
Atithi Family Bar & Restaurant,14,2,4
Atomic Lab,9,0,0
Atta Galata,1,0,0
Atty's Bakery,31,0,0
Aura - Radha Regent,3,0,0
AutoExpress - Hot Dogs,7,5,0
Avanti Indian Barbeque & Grill,36,24,0
Avon Bar & Kitchen,8,0,0
Awesome Foods,9,0,0
Axomi - Taste of Assam,22,4,0
Ayda Persian Kitchen,20,0,0
Azimmo Treat,8,0,0
B.M.W - Bhookh Mitaane Wala,4,14,2
B.M.W Bhookh Mitaane Wala,5,1,0
BANGALORE BOX,54,6,0
BBQ King,4,0,0
BBQ Ride 46,3,6,0
BBQ'D - Global Grill & Brewery,32,6,2
BBQ@52,4,0,0
BBxR,8,0,0
BHR Foods,5,0,0
BIB - Breakfast in the Box,5,2,0
BIB-Breakfast in the Box,2,3,1
BISO - Citrus Hotels,36,0,0
BITEBOX,17,2,1
BLOW,17,0,0
BMR Hyderabad Biryani,6,0,0
BOX8- Desi Meals,44,2,2
BR Military Hotel,1,0,0
BTM Bawarchi Biryani,8,10,2
BTM Cakes,4,2,0
BTM Ghar ka Khana,6,2,0
Baahubelly,40,17,3
Baar Union,57,0,3
Baba Chatkora,19,1,0
Baba Da Dhaba,54,3,1
Baba Fattoosh,14,2,1
Baba Ka Dhaba,12,3,0
BabaYaga's,47,10,3
Babu Moshai,0,1,0
Bachelor's Special Biriyani,6,0,0
Bada Bing Burgers,7,0,0
Bageecha,2,0,0
Bahar Cafe,18,0,0
Baisakhi,5,1,0
Baithak,17,0,3
Bajji House,4,0,0
Bake Addiction,3,0,0
Bake The Cake,0,0,0
Bake a Smile,10,0,0
Bake and Fry,5,2,0
Bake and Juice,9,0,0
Baker Ree,16,2,0
Baker's Glove,3,0,0
Bakers Town,15,0,0
Bakers77,10,0,0
Bakimo,3,1,0
Bakingo,15,3,0
Balle-Licious Kitchen,14,0,1
Bamboo Heights,1,0,0
Bamboo Shades,0,3,0
Bamey's Restro Cafe,23,0,0
BanBay,8,0,0
Banana Beach Bar,5,4,0
Banana Leaf,6,0,1
Banarasi Tadka,8,18,0
Banashankari Donne Biriyani,0,0,0
Banashankari Nati Style,0,2,0
Banchharam,6,0,0
Bang - The Ritz-Carlton,16,0,2
Bangali Babu Restaurant,1,0,0
Bangaliana,27,9,2
Bangalore Agarwal Bhavan,10,10,0
Bangalore Bytes,42,15,3
Bangalore Cafe,3,6,0
Bangalore Cakes,14,8,2
Bangalore Donne Biriyani,0,0,0
Bangalore Durbar Fast Food,2,0,1
Bangalore Mandarin,88,5,7
Bangalore Masala House,40,0,0
Bangalore Pub Exchange,107,0,9
Bangalore Shadi Biriyani,4,0,0
Bangalore Star Biriyani,0,0,0
Bangarpet Chat Express,2,0,0
Bangarpet Chats,4,0,0
Banjara Melting Pot,36,4,0
Bansuri Sweets,4,0,2
Bao and Rolls,10,4,0
Bar UNO - JW Marriott Bengaluru,19,1,0
Barbeque Delight,27,0,5
Barbeque Nation,138,14,0
Barbeque Station,0,9,0
Barcode,12,0,3
Barista,27,1,0
Barkaas,19,1,0
Barkat,0,0,0
Basaveshwara Kanawali,6,1,0
Basawa Hotel,2,0,0
Baskin Robbins,84,60,7
Basmati Delights,10,0,2
Basmati Restaurant,4,5,0
Basveshwara Khaanavali,6,1,0
Bat Chef,2,2,0
Bathinda Dine,67,4,9
Bathinda Junction,46,3,0
Bathinda Tandoor,0,0,1
Batter Splatter,8,0,0
Bawarchi,25,11,4
Bawarchi Biryani,2,0,0
Bawarchi Khaana,5,14,1
Bawarchi Restaurant,2,14,4
Bay Root,14,2,0
Bazaar - Zone By The Park,33,7,0
Bazaar- Zone By The Park,0,0,0
Bean Flickers,18,0,3
Bearfoot Cafe,10,1,0
Bearys Restaurant,6,0,0
Beer Adda,64,16,0
Begin with us....Tea Time Cafe,10,0,2
Begum's Biriyani,0,0,0
Behrouz Biryani,80,4,0
Beijing Bites,88,33,11
Bekal,12,6,2
BelgYum,9,0,0
Belgian Waffle Factory,26,0,0
Bella,10,4,0
Bellandur Kitchen,7,0,0
Belly Deli,10,6,4
Bengali Fun Foods,12,0,0
Bengaluru Baking Company - JW Marriott Bengaluru,28,2,0
Bengaluru House,8,2,0
Bengaluru Restaurant,10,2,2
Bengaluru Square,2,0,0
Benjarong,25,5,0
Benzys,3,1,0
Berry'd Alive,6,1,2
Berrylicious Cafe,88,0,0
Best In Klass,13,22,5
Bettaiah Military Hotel,1,0,0
Bewiched,6,0,0
Beyond Elements,8,1,0
Bflat Bar,2,0,2
Bhagatram Sweets,8,4,0
Bhagini IRIS,6,0,2
Bhagini Icon Boutique Hotel,0,4,0
Bhagini Kitchen And Bar,4,2,0
Bhaijaan Barbeques,12,0,0
Bhaiya Ji Food Court,30,8,0
Bhaiyajees,10,1,1
Bhaiyaji Food Court,12,0,0
Bhajanka's Restaurant,7,1,0
Bhandary's Kitchen,8,2,0
Bharanis,6,0,0
Bharat Kitchen,36,0,0
Bharathi Dosa Camp,4,0,0
Bharatkhana,4,0,0
Bharpur Aahar,10,2,2
Bhartiya Jalpan,34,6,0
Bhavani Chats,6,0,0
Bhavani Chats N Juice,6,0,0
Bhavani Sri,5,4,3
Bhavani Upahara,2,1,0
Bheema's,45,3,6
Bhikaram Chandmal Bhujiawala,33,21,3
Bhojanam Restaurant,2,0,0
Bhojohori Manna,19,5,0
Bhojon Tripti,4,8,3
Bhookha Sher,2,0,0
Bhukkad,4,2,0
Bhukkads,13,7,0
Bhukkhad Baba,3,3,0
Big Apple Restaurant,0,0,0
Big Bites,7,4,1
Big Bowl Theory,1,1,0
Big Mama,0,0,0
Big Mishra Pedha,3,2,0
Big Pitcher,16,4,0
Big Wong XL,19,1,0
Biggies Burger 'n' More,91,25,4
Bihar Ki Shan,0,4,0
Bikaner Jn,8,0,0
Bikaneri Sweets,7,3,1
Billionaires Cafe,3,3,0
Bindu Garden Bar & Restaurant,24,14,2
Birinz,34,4,0
Biriyani Angadi,2,0,0
Biriyani Bhatti,24,0,0
Biriyani Bungalow,0,0,0
Biriyani House,4,2,1
Biriyani Mane,6,0,0
Biriyani Paradise,10,6,0
Biriyani Zone,62,2,4
Biriyaniz,2,6,0
Biryani & Kabab,0,1,0
Biryani Affair,0,0,0
Biryani Bazar,4,2,0
Biryani Club,28,12,0
Biryani Darbar,10,6,0
Biryani Day,8,2,1
Biryani Factory,2,4,0
Biryani Feast,6,12,2
Biryani Foodies,3,6,0
Biryani House,1,2,0
Biryani Junction,4,8,0
Biryani Khazana,2,0,0
Biryani Kitchen,28,0,2
Biryani Knights,22,0,0
Biryani Lakhnawi,18,0,2
Biryani Magic,39,18,3
Biryani Mandra,6,0,0
Biryani Miya,15,4,0
Biryani Nights,24,3,0
Biryani Palace,14,1,0
Biryani Paradise,3,1,0
Biryani Park,10,8,2
Biryani Point,0,0,0
Biryani Pot,6,6,0
Biryani Spot,4,0,0
Biryani@Bangalore,13,7,0
Bisimillah Biriyani,12,0,0
Bisimillah Biriyani's & Kebab's,0,0,0
Bismillah Ambur Biryani,6,0,0
Bismillah Bawarchi,18,6,0
Bistro Claytopia,14,6,0
Bistro Oui,57,14,0
Bite Me Cupcakes,28,0,0
Bite Sip Repeat,4,0,0
Bites 2 Binge,2,0,0
Black Cup Cafe,58,0,0
Black Kitchen,1,0,1
Black Rock Cafe,20,4,0
Blistering Barnacles,18,0,0
Blk Plus Wht,36,0,0
Bloomsbury's Global Kitchen & Bakehouse,18,1,1
Blue Bar - The Taj West End,18,2,0
Blue Berry Restaurant,17,5,0
Blue Ginger - The Taj West End,13,2,0
Bob's Bar,18,2,0
Bob's Restaurant,4,0,0
Bobacha,4,0,0
Body Temple,9,3,0
Bohra Bohra CafÃƒÂƒÃ‚ÂƒÃƒÂ‚Ã‚ÂƒÃƒÂƒÃ‚Â‚ÃƒÂ‚Ã‚ÂƒÃƒÂƒÃ‚ÂƒÃƒÂ‚Ã‚Â‚ÃƒÂƒÃ‚Â‚ÃƒÂ‚Ã‚Â©,8,0,0
Bollywood Grill,1,0,0
Bombay Adda,0,0,0
Bombay Chowpaty Kulfi,1,0,0
Bombay Food Express,10,1,0
Bombay Kulfi,21,6,5
Bombay Kulfis,16,4,0
Bombay Sandwich Company,40,17,4
Bombay Talkies,7,2,0
Bon Sante,36,18,6
Bonfooder,1,0,0
BongHomie,7,0,0
Bonsouth,60,0,0
Bonum cibum,77,3,0
Book My Cakes,0,0,0
Boondock Bistro,15,3,2
Bootlegger,57,8,0
Borah's Kitchen,12,3,0
Boston Barista - Kappayum Curriyum,3,3,0
Bottle & Glass,20,16,4
Bottle Breacher,34,6,0
Bowl N Biryani,0,1,1
Bowlful,3,2,0
Bowring Kulfi,3,0,1
Box Magic,30,9,0
Brea,4,7,0
Bread and Circus,54,0,0
Breads and Banter,9,0,0
Breadworks,52,20,8
Breakfast House,1,0,0
Breaktime Brew,30,0,0
Brew Bakes,6,0,0
Brew Cafe,2,0,0
Brew Point,6,0,0
Brews N Bites,36,21,3
Brewsky,40,0,0
Brewz Coffee,10,0,0
Brimstone Cafe,31,3,0
Broadway - The Gourmet Theatre,32,5,3
Brooks 37,25,4,0
Brother?s Bar & Kitchen,1,0,0
Brown Crust Cafe,18,0,0
Brownie Heaven,55,0,0
Brownie Points,3,0,0
Brunch & Munch - Hotel Millennium Plaza,12,3,3
Bruncherz,18,0,0
Bubble Bee,9,0,0
Bubbles,48,0,0
Bubblewrap Waffle Co.,18,2,0
Buddha Treats,25,0,1
Budget Food,2,0,0
Buff Buffet Buff,95,5,0
Bufferia,32,8,0
Bufferia Express,9,5,0
Bullet Biryani,0,0,0
Bulls N Bears - Bar Trade Xchange,21,26,4
Bun Maska Chai,8,0,0
Bun Town,76,0,10
Bunny Bakers,10,2,1
Burger Crush,0,1,0
Burger Garden,12,0,0
Burger King,83,11,7
Burger Lounge,19,18,0
Burj Hotel,24,31,5
Burrito Boys,0,6,0
Butter Cup,4,0,1
Butter Side Up,6,0,0
Butterly Cafe,3,2,1
By 2 Coffee,4,0,0
By The Blue - Grand Mercure,34,4,0
Byblos,31,11,0
C K Bake & Juice,4,0,0
C Kosila Kitchen,1,2,0
C Sharp Kitchen,0,2,0
C-harge by Chefkraft,3,6,0
C. K. Mega Hot Food,15,0,0
CAMP TANDOOR,40,0,0
CHAAI BEE,3,1,0
CK's Bakery,4,2,0
Cafe 22,0,2,0
Cafe 221B,5,5,0
Cafe 58,2,0,0
Cafe @ Elanza,17,3,0
Cafe Aira,4,0,1
Cafe Ajfan,20,0,0
Cafe Aladdin,17,3,0
Cafe Alchemist,3,0,0
Cafe Arabica,5,0,4
Cafe Azzure,20,0,0
Cafe Bollywood,2,0,0
Cafe Braqa,54,3,0
Cafe Cassia& Deli,12,0,0
Cafe Cerrise,0,0,7
Cafe Choco Craze,12,0,0
Cafe Coffee Day,46,18,3
Cafe Coffee Day The Lounge,2,2,0
Cafe Coffee Day The Square,12,0,0
Cafe Cosy,12,0,0
Cafe Crumb'z,0,0,0
Cafe D'Costa,13,1,1
Cafe D'hide,76,4,0
Cafe Fattoush,27,6,0
Cafe Graffiters,56,0,0
Cafe Grill,20,0,0
Cafe HIGHRANGERS,6,0,0
Cafe Hush,8,0,0
Cafe Idly,11,9,2
Cafe Iftar,2,0,0
Cafe Imroze,18,6,0
Cafe Jezve,3,0,0
Cafe Kaara,42,6,0
Cafe Madhura,18,3,0
Cafe Mangii,18,0,2
Cafe Max,33,0,3
Cafe Medley,67,8,4
Cafe Mingo?s,1,0,0
Cafe Mist,12,0,0
Cafe Monarch Luxur,4,0,0
Cafe Mondo,22,10,3
Cafe Mozaic - Taj MG Road Bengaluru,12,4,4
Cafe Nibras,6,0,0
Cafe Noir,23,2,3
Cafe Oleiva,6,0,0
Cafe Olive,4,4,0
Cafe Palmyra,32,4,1
Cafe Palnad,4,0,2
Cafe Petu,8,0,2
Cafe Potpourri,5,0,0
Cafe Ritzz,2,1,0
Cafe Shawamek,0,1,0
Cafe Shuffle,15,2,0
Cafe Soy,2,0,0
Cafe Srinidhi,4,0,0
Cafe Talk,24,3,0
Cafe Terra,100,6,0
Cafe Thulp,43,12,3
Cafe Treat - The Pride Hotel,6,0,0
Cafe Velvette,0,0,0
Cafe Vivacity,4,2,0
Cafe Xtasi,3,4,0
Cafe Zone,1,0,0
Cafe of Joy,30,8,2
Cafemoto,4,0,0
Caferia,3,0,0
Cafesta,6,0,1
Caffe Maven,2,0,0
Caffe Pascucci,55,5,0
CafÃƒÂƒÃ‚ÂƒÃƒÂ‚Ã‚ÂƒÃƒÂƒÃ‚Â‚ÃƒÂ‚Ã‚ÂƒÃƒÂƒÃ‚ÂƒÃƒÂ‚Ã‚Â‚ÃƒÂƒÃ‚Â‚ÃƒÂ‚Ã‚Â© Delight,0,4,0
CafÃƒÂƒÃ‚ÂƒÃƒÂ‚Ã‚ÂƒÃƒÂƒÃ‚Â‚ÃƒÂ‚Ã‚ÂƒÃƒÂƒÃ‚ÂƒÃƒÂ‚Ã‚Â‚ÃƒÂƒÃ‚Â‚ÃƒÂ‚Ã‚Â© Felix,20,0,0
CafÃƒÂƒÃ‚ÂƒÃƒÂ‚Ã‚ÂƒÃƒÂƒÃ‚Â‚ÃƒÂ‚Ã‚ÂƒÃƒÂƒÃ‚ÂƒÃƒÂ‚Ã‚Â‚ÃƒÂƒÃ‚Â‚ÃƒÂ‚Ã‚Â© MH-28,0,0,0
CafÃƒÂƒÃ‚ÂƒÃƒÂ‚Ã‚ÂƒÃƒÂƒÃ‚Â‚ÃƒÂ‚Ã‚ÂƒÃƒÂƒÃ‚ÂƒÃƒÂ‚Ã‚Â‚ÃƒÂƒÃ‚Â‚ÃƒÂ‚Ã‚Â© Mor'ish,27,0,0
CafÃƒÂƒÃ‚ÂƒÃƒÂ‚Ã‚ÂƒÃƒÂƒÃ‚Â‚ÃƒÂ‚Ã‚ÂƒÃƒÂƒÃ‚ÂƒÃƒÂ‚Ã‚Â‚ÃƒÂƒÃ‚Â‚ÃƒÂ‚Ã‚Â© Secret Alley,8,0,0
Cake 24x7,5,3,1
Cake Art,2,0,0
Cake Box,0,1,1
Cake Cafe,4,0,2
Cake Delights,4,0,0
Cake Dilim,20,5,2
Cake Genie,2,0,0
Cake Ghar,1,0,0
Cake Menu,18,14,4
Cake Palace,4,0,0
Cake Yard,4,2,0
Cake of the Day,2,0,0
CakeBox,4,0,0
CakeWalk,9,0,0
CakeZone,13,7,2
Cakebuy,6,1,0
Cakes & Candles,12,6,0
Cakes And Crumbs,1,0,0
Cakes Wagon,4,0,0
Cakesta,1,0,0
Cakewala,37,2,0
Calcutta Chats,18,0,2
Calcutta Victoria Chat House,6,0,0
Calicut Durbar,60,0,0
Calicut Restaurant,3,3,0
California Burrito,58,6,5
Call A Cake,30,50,0
Calorie Express,2,0,0
Calvin's,10,0,1
Candy Cake,4,0,0
Cane Crussh,1,0,0
Cane Recipes,7,0,1
Cane-O-La,20,0,0
Canopy,39,18,3
Canopy Flavours,2,0,0
Canton,2,0,0
Capsicum Family Restaurant,6,0,0
Caraway Kitchen - Conrad Bengaluru,54,6,6
Carlos Cake Cafe,2,2,0
Carnatic,29,9,2
Carnival Cakes & Breads,32,6,0
Carnival de Goa,111,9,0
Carrots,12,0,0
Casa Express,0,2,0
Casa Piccosa,26,0,0
Cashmere Nites,2,1,0
Cedar Bar & Dive - Hotel Presidency,38,2,0
Celebrations 365,6,2,0
Celeste's Kitchen,1,0,0
Central Jail Restaurant,8,2,0
Cha-Cha Cha-Chi,2,0,0
Chaai Resto,32,3,0
Chaat Bazaar,3,0,0
Chaat Express,6,2,0
Chaat Junction,1,0,0
Chaat Street,43,11,0
Chaat Trail By Moti Mahal,4,0,0
Chaatimes,22,10,2
Chaavadi,24,6,2
Chackochi Mess,2,0,0
Chai & Kadi,2,0,0
Chai Cafe,69,7,0
Chai Central,1,0,0
Chai Chowk,20,0,0
Chai Culture,6,0,0
Chai Days,51,3,0
Chai Galli,128,3,3
Chai Ki Tapri,3,0,0
Chai Kraft,3,0,0
Chai Makhani,6,2,0
Chai Mane,2,2,1
Chai Mania,0,3,0
Chai Masthi,2,2,0
Chai Point,37,10,5
Chai Resto,1,0,0
Chai Street,0,2,0
Chai World,2,0,1
Chaitanya Cafe,3,0,0
Chaitanya Grand,4,0,0
Chaitanya Veg,0,0,4
Chaithanya Andhra Style Family Restaurant,4,0,0
Chaithanya Delicacy,2,0,0
Chaithanya Veg,12,4,0
Chaithanya Xpress,1,1,0
Chaiwala,3,6,0
Chakh Le Foods,4,2,0
Chakh Le India,10,10,4
Chakh Le india,3,3,0
Chakum Chukum Calcutta On A Roll,1,0,0
Champaran Spice,2,0,0
Chandni Chowk 2 Bangalore,22,2,0
Chandu Dhaba,10,0,0
Chantilly,29,0,0
Chapati House,2,0,0
Charcoal Eats,8,0,0
Charminar Kabab Paradise,0,0,0
Chashni Sweets,12,0,0
Chaska Bun,38,0,1
Chatora,2,0,0
Chatpata,0,2,0
Chatpata India,3,0,0
Chatpatlal Sweets & Snacks,36,0,2
Chats Point,1,0,0
Chattar Mattar,14,0,0
Chatter Platter,3,3,0
Chattorey - The Family Restaurant,20,18,2
Checkered Bar - MGM Mark,6,2,0
Checkpost,34,5,1
Cheers Life,1,0,0
Cheesecake Alley,2,6,0
Cheesiano Pizza,19,1,0
Cheesy Juicy Burgers,24,6,0
Chef Baker's,48,29,1
Chef Delicacies,2,11,1
Chef Fast Food,11,7,2
Chef Inn Regency,2,0,0
Chef Master,14,6,0
Chef's Cap Chinese Cuisine Restaurant,8,0,0
Chefactory Gold by Flechazo,10,2,0
Chefie,3,0,0
Chefkraft,1,0,0
Chels Cafe,6,0,0
Chettayees,0,3,6
Chettinad Food House,4,4,2
Chetty's Coffee,30,0,0
Chetty's Corner,3,1,0
Chianti,18,0,2
Chichaba's Taj,12,3,3
Chick Blast,2,2,0
Chicken Corner,6,0,0
Chicken County Grand,9,6,0
Chicken Magic,3,0,0
Chicken Man,6,0,0
Chickpet Donne Biriyani Mane,3,5,0
Chickpet Donne Biryani House,13,1,2
Chikeys,20,6,4
Chikkanna Tiffin Room,7,0,1
Chikpet Donne Biriyani House,1,1,0
Chill,19,1,0
Chill Out,4,0,0
Chill Out Cafe,4,0,0
Chill-Um Cafe,4,1,0
Chillax,0,0,0
Chilld Monk,0,3,3
Chilli Chicken,0,4,0
Chilli Flakes,0,0,1
Chillikum,12,7,1
Chin Chin by The Biere Club,12,0,0
Chin Lung Resto Bar,32,0,4
China Bistro & Lounge,26,0,5
China Bowl,10,2,0
China Down Town,9,0,0
China Garden,10,12,0
China Hut,2,0,0
China On My Plate,6,12,2
China Pearl,54,3,3
China Tang,0,2,0
Chination,4,0,0
Chinese Chaska,0,2,0
Chinese Corner,2,0,2
Chinese Fire Dragon,12,22,0
Chinese House,2,2,0
Chinese Kitchen,6,4,3
Chinese Square,4,0,0
Chinese Street,3,0,1
Chinita Real Mexican Food,17,1,1
Chinmayee's,6,0,0
Chitu's Kitchen,12,0,0
Chivi's Meilleurs Boulangers,21,9,0
Choco Allure,8,0,0
Choco Cheese,11,0,0
Choco Nut Cafe,6,10,2
Chocoberry,0,1,0
Chocolate D'Luxe,4,0,0
Chocolate Junction,4,0,0
Choconut Cafe,2,0,0
Chocs Cafe,8,0,1
Choi Choi Momos,1,0,0
Chokha Chowka,20,3,0
ChopServe,6,0,0
Chote Miya,16,2,0
Chow San,8,7,5
Chowk Tea Stall,1,0,0
Chowmein,2,0,0
Chowpatty,22,12,4
Chubalas Curry And Rice,3,0,0
Chugg,45,5,0
Chulha Chauki Da Dhaba,50,8,2
Chumma Delicious,1,0,0
Chung Shan Chinese Restaurant,24,10,0
Chung Wah,41,2,1
Chung Wah Express,9,3,0
Chung Wah Opus,14,5,1
Chung's Chinese Corner,15,6,0
Chungs Pavilion,2,2,0
Church Street Social,14,5,1
Churchill's,33,6,1
Chutney Chang,81,6,2
Cilantro,4,0,0
Cinnamon,19,1,0
Cinnamon's Kitchen,4,0,0
Cirkus,17,1,2
Cita Pani,18,2,0
Citrus - The Leela Palace,36,2,2
Citrus Cafe - Lemon Tree Hotel,14,0,0
Citrus Cafe - Lemon Tree Premier,8,0,0
City Cafe,1,0,0
City Durbar,20,10,10
Classic Biryani Hut,12,3,0
Classic Lassi Shop,3,3,0
Classic Shop,6,0,0
CloudNYN - Sterling Mac Hotel,39,18,0
Clove Rooftop,1,0,1
Coal Grill & Cafe,2,0,0
Coast,6,0,0
Coastal Creek,36,12,0
Coastal Delight,8,0,0
Coastal Hub,34,6,0
Coastal Mama,12,6,0
Cobaja,3,0,0
Cochin Connection,1,0,0
Coco Barista,3,1,0
Coco Grove Beer Cafe,2,0,0
CocoFresh,2,1,0
Coconadu,2,0,0
Coconut Grove,30,0,0
Coffee Tea & More,12,0,0
Coffee Tindi,20,12,8
Cold Smith Ice Creams,4,0,0
Cold Stone Creamery,64,3,3
Combo Biriyani,0,5,0
Combo Box,2,7,1
Combo King Paramount,2,4,3
Connie's Restaurant & Steakhouse,16,0,4
Cookie Man,13,2,0
Cool Break,7,1,0
Cool Corner,4,0,0
Cool Corner Arun Ice Cream,8,0,0
Cool Joint,2,0,0
Cool Lassi Burger,3,2,0
Cool Point,1,1,0
Copper Chimney,24,0,0
Corner House Ice Cream,178,11,5
Corner Huts,2,0,0
Corprate Biriyani Adda,2,4,0
Costa Biryanis,4,3,1
Costa Coffee,3,0,0
Covai Cafe,4,1,0
Crafted Plate,98,12,1
Crave Bite,6,6,0
Cravy Wings,18,0,0
Crawl Street,32,6,2
Crazy Crush - Juices & Desserts Cafe,1,0,0
Cream Chemistry,36,5,0
Cream Factory,1,0,0
Cream N Desserts,1,0,0
Cream Stone,99,25,4
Cream and Bakes,14,0,0
Cream and Fudge,4,4,2
Creamy Zone,0,0,0
Crepe Nation,4,0,0
Crescent Avenue - Hotel Bangalore International,13,5,0
Crisp Cafe,9,0,0
Crispy Crust Pizza,8,8,4
Crispy Fried Chicken,4,4,0
Croons,30,0,0
Cross Road Cafe,2,0,0
Cross Roads Cafe,30,25,0
Crumb Together,47,9,4
Crumbz Crunches,2,0,0
Crunch Pizzas,22,56,4
Crunch Pizzas - Express Delivery,2,2,0
Crunchie Corner,6,0,0
Crunchy Nights,20,6,0
Cubbon Pavilion - ITC Gardenia,18,0,0
Cucumber Town,6,0,0
Cultch Resto Cafe,33,5,0
Cup Chronicles Cafe,15,0,0
Cup Shup,0,3,0
Cupcake Bliss,7,5,0
Cupcake Noggins,14,0,0
Cuppa,3,0,0
Curries & Pickles,10,9,1
Curries 'N' Phulkas,1,2,0
Curries And Pickles,52,12,4
Curries'N' Fries,8,1,0
Curry Flavours,5,0,0
Curry Leaves,26,6,8
Cutlet Shop,4,1,1
D Fusion,3,0,0
D View Cafe,40,10,0
D'Brooks,2,0,0
D'Cafe,6,0,0
D2V Cafe,12,0,0
DS Juice CafÃƒÂƒÃ‚ÂƒÃƒÂ‚Ã‚ÂƒÃƒÂƒÃ‚Â‚ÃƒÂ‚Ã‚ÂƒÃƒÂƒÃ‚ÂƒÃƒÂ‚Ã‚Â‚ÃƒÂƒÃ‚Â‚ÃƒÂ‚Ã‚Â© & Grill,14,24,2
DVG Benne Dosa,6,0,0
Daafoodies,4,1,0
Daawat Restaurant Bar & Pub,20,0,0
Daba Delights,2,4,0
Dabba Gosht,5,8,1
Dabba Karkhana,6,4,0
Dadaba's,0,0,0
Dadi's Dum Biryani,42,15,3
Daily Bite,24,3,0
Daily Bread,23,23,1
Daily Sushi,7,0,0
Dakshin Biryani & Tiffin,12,0,0
Dakshin Flavors,0,2,0
Dakshin Grand,0,0,1
Dakshin Restaurant,24,8,0
Dakshin Sagar,2,2,0
Dakshin Spice,4,1,0
Dal Chawal Roti,10,2,2
Dal Roti Sabji,2,0,0
Dalma,13,0,2
Damodar Seth,8,2,0
Dande's Hyderabad Biryani,12,0,0
Daniyal's,6,1,0
Danny Lambas Punjabi Dhaba,4,0,0
Darjeeling Momo Adda,12,5,3
Darshan Paradise Restaurant,5,1,0
Dasaprakash Cafe,4,0,0
Dash In,24,12,4
Davanagere Benne Dose,18,0,0
Davanagere Benne Dose Hut,4,0,0
Davangere Benna Dose Hotel,14,0,0
David's Kitchen,6,9,0
Dawat,2,0,1
Dawat Midnight Express,1,0,0
Day N Night Kitchen,12,2,1
De Oxford Cafe,0,0,2
De Street Cafe,35,4,1
De Thaali,1,0,0
Debby's Kitchen,6,0,0
Deccan Spice,4,0,0
Deccan Spices,33,0,0
Decker's Lane,2,2,0
Deejas Kitchen,1,0,0
Dehati Murgee,5,1,0
Deja Vu Resto Bar,20,0,0
Delhi Base Sri Food Court,4,0,0
Delhi Bhavan,12,8,0
Delhi Biryani Cafe,0,0,2
Delhi Food Point,9,15,6
Delhi Home Food,2,0,0
Delhi Kitchen,1,2,0
Delhi Pizza House,1,1,0
Delhi Restaurant,2,0,0
Delhi Walle,9,3,0
Delhi's Essence,2,1,1
Delhiciouss,18,0,0
Delhite Food,1,0,0
Deli Counter - Gateway Hotel,2,0,0
DeliBox.in,27,5,8
Delicacy,16,2,2
Delices,15,10,5
Delicious Cakes,2,2,1
Delicious Demons,26,14,0
Delicious Desserts,6,0,0
Delicious Ice Cream Parlour,2,0,0
Delight Food,6,0,0
Delite Chaat House,33,2,0
Delitz Creamvilla Cafe,5,0,1
Deshi Fusion Pizza,5,12,3
Desi Adda,13,1,1
Desi Bites,34,4,4
Desi Breakk,26,8,0
Desi Bytes,0,4,2
Desi Chinese kitchen,2,0,0
Desi Chopstick,24,2,0
Desi Chulha,1,0,0
Desi Deck,24,0,4
Desi Dhaba,7,4,0
Desi Flavours,0,3,0
Desi Foodizzz,35,2,2
Desi Inn,2,0,0
Desi Khana,6,6,0
Desi Rasoi,21,9,0
Desi Tadka,14,8,2
Desi Urbane,14,20,6
Desi Vdesi,8,3,3
Desi Vibes,2,0,0
Desipun,35,3,1
Desserts Tree,12,0,0
Dessi Cuppa,7,0,0
Detox Kitchen,0,2,0
Dev Sagar - Food Street,5,0,0
Dev's Gugababa,6,6,0
Dhaba - Estd 1986 Delhi,20,0,0
Dhaba Bytes,27,0,0
Dhaba Central,2,0,0
Dhaba Express,13,23,4
Dhaba Shaba,3,0,0
Dhaba Social,24,4,0
Dhabeliwala,2,0,0
Dhuaan,7,2,2
Dhyaana,30,0,0
Diabetics Dezire Sugarless Sweets and Bakes,1,0,1
Dialogues,4,1,0
Dil Punjabi,2,4,0
Dil Se Dilli,1,1,1
Dilish Kitchens,29,4,5
Dilli 6,30,4,4
Dilli Darbar,3,0,2
Dilli Dil Se,4,0,0
Dilli in a Box,6,0,0
Dilli6 Paratha,1,1,1
DilliBite,24,10,6
Dindigul Thalappakatti,19,1,0
Dindigul Time Pass Restaurant,27,27,6
Dine @ 9 Paratha Corner,20,2,2
Dine Garden Family Restaurant,13,5,2
Dine In,8,0,0
Dine in Restaurant,8,0,0
DinePost9,11,7,0
Dinemaster Gogo's,0,0,0
Divina - Eden Park Restaurants,2,0,1
Diya's Findish,1,0,0
Django,42,4,4
Dock Frost'd,20,0,0
Dodda Mane Donne Biryani,0,0,2
Doff Pub and Lounge,22,2,2
Dolci Desserts,72,16,0
Dolphin Bar,6,0,0
Domino's Pizza,30,7,2
Donne Biriyani House,67,13,8
Donne Biriyani Mane,27,6,0
Donne Biryani & Kabab Corner,1,0,0
Donne Biryani Angadi Mane,0,3,0
Donne Biryani Hatti,28,12,8
Donne Biryani House,5,1,0
Donne Biryani Mane,9,0,0
Donut Cafe,6,4,0
Doof,4,2,0
Dosa Bazaar,2,0,0
Dosa Plaza,24,6,0
Dosa Time,1,2,0
Dosalicious,0,2,1
Double Blend,8,0,0
Double Decker,18,2,0
Downtown,4,4,0
Dr. Bubbles,12,0,2
Dr. Shawarma,1,2,0
Dr. Sheesha,19,0,1
Dragon Box,5,2,0
Dragon's Kitchen,3,0,0
Drava,11,0,0
Dreamcatcher,7,0,0
Driven Cafe,16,12,0
Drunken Monkey,32,8,1
Drunkling - Sizzlers and Pub,20,0,0
Dry Dock Cafe,1,0,0
Dum & Oven,53,11,4
Dum Biryani Hub,21,22,17
Dunkin' Donuts,59,3,0
Durbar Greens Family Restaurant,4,6,0
Durga Sagar,6,3,0
Dwaraka Grand,4,0,0
Dwaraka Krishna,2,2,0
E - City Combos,0,0,0
E Foods Regalia,14,4,0
E2 - EntrÃƒÂƒÃ‚ÂƒÃƒÂ‚Ã‚ÂƒÃƒÂƒÃ‚Â‚ÃƒÂ‚Ã‚ÂƒÃƒÂƒÃ‚ÂƒÃƒÂ‚Ã‚Â‚ÃƒÂƒÃ‚Â‚ÃƒÂ‚Ã‚Â©e Envoy,5,5,1
EC Dine Restaurant,0,2,0
Eagles Pizza,15,0,0
Earth Plate Express,3,0,0
East Delicious,18,2,0
East- The Oterra,1,0,0
Easy Bites,22,15,2
Eat Eroo - Bombay Vada Pav,4,0,0
Eat N Drink,8,0,0
Eat N Drinks,4,0,0
Eat N Meet,6,0,0
Eat Repeat,8,0,0
Eat Repeat Express,9,11,4
Eat Sleep Eat Repeat,10,4,2
Eat Well,39,54,6
EatWater,48,5,15
Eatapita,4,1,0
Eatato Snack Bar,8,8,0
Eaternet,16,10,0
Eatery Have U Been,40,12,8
Eatsomnia,1,0,0
Eatsy,3,1,0
Eatwell Restaurant,4,4,1
Eatzgreen,2,2,0
Ebony,44,7,9
Eddy's Cafe,30,3,0
Eden Huts Dhaba,22,6,0
Eden Park,43,12,0
Edo Restaurant & Bar - ITC Gardenia,4,0,0
Egg House,5,2,2
Egg Star,12,2,0
EggFactor - Street House,12,0,2
El Salver,9,0,0
Elements - Mapple Express,0,2,0
Elements Eatery,14,2,0
Elmas Restaurant,25,10,5
Elongo's,8,2,0
Embers - Nandhana Grand Hotel,4,0,0
Empire Restaurant,162,41,7
Energy Addaa,9,0,0
Enerjuvate Studio & Cafe,36,4,0
Engine,0,0,0
Enroute,36,4,0
Ente Keralam,64,15,1
Entree cafe,8,4,0
Entropy Cafe,0,0,0
Envy,2,0,0
Equinox Bar - DoubleTree Suites By Hilton,18,2,0
Erivum Puliyum,8,0,0
Esfahan Restaurant,4,2,0
Eshanya,12,5,3
Esplanade,19,1,0
Estaa Sweets,2,1,0
Euki,26,4,0
Eurasia Pasta and Barbeque by Little Italy,9,1,0
Excelsior Bakery,8,0,0
Express Food Delivery,24,30,6
Expresso Restaurant,1,1,0
FAB Cafe,1,0,0
FIFA Cafe,0,0,0
FRYBIES,15,9,3
Faasos,155,10,5
Fabcafe,44,0,0
Fabelle Chocolate Boutique - ITC Gardenia,5,1,0
Fabindia Cafe,8,0,2
Facebake,2,0,0
Fahad Hotel,0,0,0
Fai Dang,2,0,0
Families Food Court,4,0,0
Fandom at Gilly's Redefined,21,3,0
Fanoos,8,0,2
Fanoos Xprss,24,14,2
Fashion Knack Cafe,30,9,0
Fat Buddha,12,3,0
Fatima Bakery,4,0,0
Fatso's,25,5,0
Fattoush,34,6,0
Fava,20,0,0
Fava Bistro,36,4,0
Fazzito Kitchen,7,12,1
Feast India Co.,15,3,0
Feast and Burp,1,0,0
Feastaurant,3,0,0
Feaster,0,0,2
Fiero! Pizzeria,2,0,0
Fill N Chill Resto Bar & Pub,4,2,0
Fillers,12,0,0
Filmy Kitchen,0,0,0
Fine Dine Restaurant,2,2,0
Firangi Bake,47,8,0
Fire Station,13,7,0
Firewood Biryani,6,2,0
Fish & Fries Restaurant,8,0,0
Fish Chain,21,4,0
Fish Factory-Citrus Hotel,0,2,0
Fishing Boat - Hotel Goyal Residency,9,3,0
Fishland Deluxe,1,0,0
Fitbakes,4,0,0
Fitnest,18,4,2
Five Spice Dining,0,1,1
Five Star Cafe,29,4,7
Five Star Chicken,57,32,13
Flame Pub & Restaurant - Brigade Garden,9,6,0
Flavor of Tibet,7,0,0
Flavors,2,0,0
Flavors Restaurant,4,12,0
Flavors of India,47,10,3
Flavorsome Bakes,2,0,0
Flavour A Azam,23,9,8
Flavour of China,2,2,0
Flavour of Himalaya,3,0,0
Flavours Hut,4,2,0
Flavours Radha Hometel,9,0,0
Flying Cakes,2,0,0
Food 4 U,24,10,0
Food And You,40,6,0
Food Box,0,1,0
Food Club Restaurant,16,0,0
Food Corner,4,0,0
Food Factory,3,1,0
Food Feast Multicusine Restaurant,8,6,0
Food Junction,32,8,0
Food Ka Masti,1,0,1
Food Lover,1,0,0
Food Mingo,1,3,0
Food Mood,1,0,0
Food Of Punjab,9,0,0
Food Planet,4,2,0
Food Point,12,22,6
Food Point Family Restauarant,2,2,0
Food Springs,0,0,0
Food Square,8,2,0
Food Theory,0,5,0
Food Town,6,2,0
Food Zone,5,2,0
FoodIshq,2,0,0
FoodandSnack.com,1,0,0
Foodhall,10,0,0
Foodie Nation,6,6,0
Foodies Club,0,0,0
Foodies Delight,2,1,0
Foodies Express,0,2,0
Foodies Family Restaurant,4,0,2
Foodies Hub,2,4,1
Foodiesthan,12,0,0
Foodism,20,0,0
Foodizo,11,1,0
Foody's,2,0,0
Foodys Adda,2,0,0
Foodzoo,0,2,0
Forage,10,2,0
Foreign CafÃƒÂƒÃ‚ÂƒÃƒÂ‚Ã‚ÂƒÃƒÂƒÃ‚Â‚ÃƒÂ‚Ã‚ÂƒÃƒÂƒÃ‚ÂƒÃƒÂ‚Ã‚Â‚ÃƒÂƒÃ‚Â‚ÃƒÂ‚Ã‚Â©,54,19,10
Fort Kochi,33,0,0
Foxtail Rodeo,12,0,0
Foxtrot,19,0,1
Freeze It,9,0,3
French Bake House,26,10,10
French Bakery,0,0,0
Fresh 'N' Grills,2,2,0
Fresh Aahar,27,8,2
Fresh Bites,21,4,0
Fresh Kitchen,8,5,0
Fresh Pressery Cafe,12,2,0
FreshMenu,47,25,10
FreshPhulka,13,2,0
Freshies Gourmet Salads,0,2,0
Freshkhilao,2,0,0
Friend's Cafe,9,3,0
Friend's Kitchen,2,0,0
Friends Diner,26,12,2
Friends Night Kitchen,9,10,1
Friendz Zone,28,10,2
Fritz Haber,27,4,0
Frolic,13,0,0
Frootality,7,0,1
FrostBite,21,0,0
Frozen Bottle,108,19,8
Fruit Face,6,0,0
Fudge,6,0,0
Fudgy Love Designer Cakes,26,0,0
Fuel Resto Bar,12,0,0
Fujan,33,27,0
Fujian Express,2,5,0
Fullyfilled,4,0,0
Fun Kitchen,8,0,0
Funjabi,9,8,3
Funky Punjab,34,2,4
Fusion Lounge,2,2,0
Fusion Panda,9,0,0
Fusion Tadka,1,0,0
GKT Biryani World,3,0,0
GMT - Gelateria Montecatini Terme,67,0,0
Galaxy 2 Restaurant,4,0,0
Galito's,0,0,0
Galli Belly,2,2,0
Gallop Bar - Davanam Sarovar Portico Suites,8,0,0
Gallops,22,10,0
Gam's Delicacy,21,3,0
Game Of Tandoors,6,0,0
Ganesh Bhavan,2,2,0
Ganesh Food Joint,36,15,9
Ganesh Restaurant,36,12,12
Ganga Foods,2,0,2
Gangothri Kabab Corner,8,1,0
Gangothri Veg Restaurant,5,0,0
Gangotree,1,0,0
Garage Food Company,6,3,0
Garden Fresh,2,0,2
Garma Garam,8,9,3
Gaura's Secret Recipe,1,0,0
Geetha Cafe,3,0,1
Gelato Italiano,49,24,5
Gelato Pazzo,32,4,4
Ghar Ka Bhojan,2,1,0
Ghar Ki Rasoi,17,28,15
Gharelu Zaika,13,0,0
Ghee Biryani House,3,6,0
Ghee Biryanis,4,0,2
Ghee Positive,17,1,2
Gilly's Restobar,34,6,0
Ging - Royal Orchid Central,94,0,15
Ginger & Garlic,2,0,0
Ginger Mint,0,2,1
Ginseng - Royal Orchid Hotel,2,0,0
Give Me 5 Cafe,6,0,0
Glen's Bakehouse,60,0,0
Go Italia,18,2,0
Gobble Up Churros Cafe,72,12,0
Gobi Gate,2,0,0
Godavari Delights,9,22,3
Gods Own Cafe,18,6,0
Gogula's Sweets & Chats,17,3,0
Gokul Kuteera,4,0,0
Gokul Veg,1,0,0
Gold Bean,4,0,0
Golden China,2,0,0
Golden Grill Restaurant,4,0,0
Golden Restaurant,29,9,0
Golden Rice,10,0,0
Goli Vada Pav NO.1,4,2,0
Goli Vada Pav No 1,5,0,0
Goli Vada Pav No. 1,72,20,13
Golkonda Chimney,30,5,2
Good Bread,8,0,0
Goodness! Beverages,4,0,0
Gooey & Fluffy,4,0,0
Goofy's,0,0,0
Gorbandh,3,0,0
Gourmet,14,0,0
Gourmet Food Truck,8,0,0
Gowdara Naati Mane,4,0,0
Gowdru Hotel,4,0,0
Gowdru Mane Oota,10,7,3
Gowri Gajanand Sweets,12,0,0
Graffitea,2,0,0
Gramin,20,0,0
Grand Chillies,2,0,0
Grand Gowdru Hotel,1,0,0
Grand Spicy Restaurant,8,4,0
Grand Taj Durbar,2,1,1
GrannyzHut,18,3,0
Granos De Cafe,17,0,0
Grapevine,75,5,0
Grazers,18,4,0
Green Family Bar & Restaurant,4,0,0
Green G Juice Bar,10,9,1
Green Hyderabad Biryani House,8,2,1
Green Onion,29,0,0
Green Paprika,3,0,0
Green Pepper,2,6,2
Green Theory,53,7,0
Green Tree Garden Restaurant,8,0,0
Grigliato,4,0,2
Grill 99 - The Ritz-Carlton,1,2,0
Grill N Chill,2,0,0
Grilliez,6,0,6
Grillopia,12,3,0
Grills & Rolls,2,0,0
Grills And Tandoor,16,7,2
Grow Fit,16,4,0
Grubhouse,16,4,0
Gruhalakshmi Home Foods,0,0,0
Gud Dhani,44,0,0
Gufha - The President Hotel,18,2,0
Gujrati Mess,8,0,0
Gulp The Pulp,12,0,0
Gundappa Donne Biryani,22,14,7
Gundu Pulav,0,0,0
Guns N Roses,3,0,0
Guntur Royal Dine,1,0,0
Gurukrupa Paratha House,7,2,0
Gusto's Pizza,3,6,0
Guzzlers Inn,12,0,3
Gyani Da Punjabi Dhaba,41,11,0
H3O,0,3,0
HIGH SKY,6,0,0
HOMMS,18,1,1
HOT BOX,16,8,2
HOT COFFEE,3,0,0
HSR Agarval Bhavan,9,6,0
HSR High Street,10,0,0
HSR SLV Fast Food,25,0,0
Haagen Dazs,15,3,3
Habib Shaheb Kolkatta Katti Rolls,0,0,0
Habib's Biryani,3,0,0
Habibi Falafel,17,2,1
Habitts,3,0,0
Hae Kum Gang,14,0,0
Haji Ali Juice Centre,43,3,0
Hakka Chinese Restaurant,12,2,2
Haldiram's Express,4,4,4
Half & Half Food Box,3,3,0
Halli Kitchen,0,0,4
Halli Mane,0,2,0
Halli Mane Food Court,6,0,0
Halli Mane Rotti,3,0,0
Halli Oota,4,0,0
Halli Rotti Manne,4,1,1
Halo Chef,1,0,0
Ham Khim Chinese Fast Food,8,0,0
Hamara Kozhikode,2,0,0
Hammered,17,0,3
Hamza,8,0,0
Hanchi Thinnuva,4,2,2
Handi Biryani,4,0,0
Hang10 Resto N Cafe,5,0,0
Hangouts @ Kashish Caterers,4,1,0
Hangover,44,11,0
Happy Belly Bakes,48,0,0
Happy Brew,58,2,0
Happy Days,0,1,0
Happy Eat,2,0,0
Happy Endings,3,0,0
Happy Fillings,12,4,0
Happy Kitchen,16,3,1
Happy Singh,14,4,0
Hara Fine Dine,4,0,1
Hard Rock Cafe,38,2,0
Hari Super Sandwich,32,2,0
Harima,17,3,0
Harry's Bar + Cafe,68,6,6
Hasee-E-Shan Makers Of Biryani,8,0,0
Hashtag Cafe,24,24,0
Hashtag Kitchen,2,0,0
Hasini Foods,8,4,0
Hatti Kaapi,28,0,0
Hatti Punjab Di,29,20,5
Haute,7,1,0
Haveli,38,13,2
Havmor,4,2,0
Havmor - Hav Funn,1,0,0
Head O State,0,3,0
Healthie,1,2,1
Healthy Sapiens,18,0,0
Healthy Yummy Food Restaurant,21,0,0
Hearts Unlock Cafe,20,4,0
Height's Cafe - Hotel Bangalore International,0,0,0
Hello Brother Hotel,0,0,0
Helloo Delhi,11,0,0
Heritage Cafe,8,0,2
Hide Out - The Golden Tulip,16,0,0
High n Hungry,0,4,0
Himalyan Inn Tibet Kitchen,2,0,0
Hind Ka Chulah,4,2,0
Hit and Run,7,0,0
Hiyar Majhe Kolkata,22,9,0
Home Food,6,1,0
Home Touch Hotel,0,0,0
Home Treat,8,4,0
Homely Curries & Pickles,1,0,0
HomelyDelight,18,4,4
Homemade Delite,14,3,0
Homemade Food,36,0,3
Homfrez.com,14,0,0
Homifoo,3,1,0
Hoodi Baba A Str-eat Caff,1,0,0
Hoppipola,36,0,4
Hot & Cold Hut,11,6,2
Hot 'N' Fresh,3,0,0
Hot Attack,2,0,0
Hot Brixx,2,2,0
Hot Burg,15,8,1
Hot Cross Bun,7,2,0
Hot Spot Cafe,8,4,0
Hotel A-1,8,0,0
Hotel Ajantha,3,0,0
Hotel Annapoorna,3,1,0
Hotel Aradhana,40,19,1
Hotel Archana Grand,4,0,0
Hotel Ashoka,12,0,2
Hotel Avakay,2,0,0
Hotel Chandrika,20,0,4
Hotel Devanand Kerala Restaurant,8,7,5
Hotel Dil Coorg,0,5,0
Hotel Dine City,24,22,14
Hotel Empark,1,3,0
Hotel Fanoos,4,2,0
Hotel Fine,48,16,0
Hotel Food Lands,39,15,6
Hotel Food Zone,4,0,0
Hotel Godavari,9,0,0
Hotel Green Land,2,0,0
Hotel Green Tara,2,0,0
Hotel Hyperdine,18,20,2
Hotel Ivy Dew Drops,0,0,0
Hotel Jade Empire,2,2,0
Hotel Junior Kuppanna,3,0,3
Hotel Kanchan's Fish & Chicken,4,0,0
Hotel Karavali,2,2,4
Hotel Khaaja,14,24,2
Hotel Lakshmi Paradise,4,2,0
Hotel Manarama,1,0,0
Hotel Manu,6,0,0
Hotel Masti,0,1,0
Hotel Meed Cafe,1,0,0
Hotel Metropole,4,0,0
Hotel Mirchi Red,4,10,4
Hotel Nisarga Grand,4,0,0
Hotel Palace,15,6,0
Hotel Paradise,3,1,0
Hotel Parampare,3,0,0
Hotel Ramprasad,24,0,0
Hotel Rangoon,2,0,0
Hotel Reddy Bhavan,18,0,3
Hotel Ruchi Priya,2,0,0
Hotel Sakti Saravana,2,0,0
Hotel Salala,10,0,2
Hotel Salam,3,0,0
Hotel Shangrila,1,0,0
Hotel Shreekshetra,4,0,1
Hotel Shruthi,2,0,0
Hotel Smile,3,0,0
Hotel Tadaka House,0,0,0
Hotel Tanish,2,0,0
Hotel Thalassery,1,0,0
Hotel Thazooq,8,0,0
Hotel The Nalanda,0,2,0
Hotel Tom's Restaurant,62,3,0
Hotel Uma Bhai,28,10,2
Hotel Vinitha,4,0,0
Hotel Zam Zam,4,0,0
Hottey Smokey,6,0,0
House Of Commons,17,3,0
House Of Kebabs,0,1,0
House Of Lassi,1,0,0
House Of Wholewheat,2,0,0
House Stark Cafe,10,0,0
House of Mandarin,1,0,0
Howlin Wolf,9,0,0
Howrah Bridge,12,8,0
Hum Biryani,2,0,0
Hunan,51,6,3
Hunger Buds,4,4,4
Hunger Camp,19,1,0
Hunger Night King,3,0,0
Hunger Stop,1,0,0
Hunger Twist,17,3,0
Hunger2Eat,3,0,0
HungerLoft,0,0,2
Hungerbreak 24x7,0,8,0
Hungry Bird,1,0,0
Hungry Birds,1,2,0
Hungry Bowl,1,0,0
Hungry Buddies,33,21,6
Hungry Hippie,20,0,0
Hungry Kya?,12,2,0
Hungry Lee,6,0,2
Hungry Nights,7,13,0
Hungry Queen,4,20,0
Hunter's Lounge,0,8,0
Hushy's Kitchen,1,1,0
Hyderabad Bawarchi,6,0,0
Hyderabad Biryaani House,93,13,6
Hyderabad Chefs,18,3,0
Hyderabad Cuisine,10,28,2
Hyderabad Darbar,14,0,0
Hyderabad Dawat,10,10,0
Hyderabad Magic,2,0,0
Hyderabadi Bawarchi,8,9,3
Hyderabadi Biriyani,1,1,0
Hyderabadi Biryaani Hub,6,5,0
Hyderabadi Biryani Corner,0,0,0
Hyderabadi Biryani Hub,14,2,0
Hyderabadi Spice,4,1,0
I Cool,32,4,4
I Siri Restaurant And Caterers,4,0,0
IDC Kitchen,7,0,0
INDULGE by InnerChef,69,26,1
Ibaco,41,5,1
Ice & Spice,21,6,13
Ice - Taj MG Road Bengaluru,8,4,0
Ice Cafe & Lassi Shop,2,0,0
Ice Cream Buggy,11,1,0
Ice Cream Works,24,0,0
Ice Cubes,16,2,2
Ice Land,19,1,0
Ice N Fries Cafe,18,2,0
Ice N Spice,10,0,0
Ice Stone Creamery,34,13,4
Ice Treat,4,0,0
IceBreakers,40,0,0
Iceberg Icecreams,7,1,0
Ideal Kitchen,8,4,0
Idli & Dosa Cafe,2,4,2
Igloo Shakez & Bytez,8,6,0
Ilyazsab The House Of Chicken,36,0,0
Imli,39,16,5
Imperia Restaurant,0,4,0
Imperial Restaurant,28,6,0
Imperio Cafe,8,0,0
Imperio Restaurant,39,16,5
In Time Cane Juice,3,0,0
In Wok,2,0,0
India Garden,4,0,0
India On Wheels,6,0,0
Indian Aroma Cafe,2,2,0
Indian Chicken Biryani Point,0,2,4
Indian Coffee House,18,1,1
Indian Coffee House & Restaurant,37,1,0
Indian Dhaba,4,4,0
Indian Durbar - Conrad Bengaluru,3,3,0
Indian Food Court,2,0,0
Indian Highway Restaurant,6,0,0
Indian Kitchen - Hotel Presidency,6,4,0
Indian Kitchen Eateries-IKE,12,0,0
Indian Paratha Factory,0,5,0
Indian Spice Food,12,0,0
Indian Tadka,4,0,0
Indiana Burgers,10,6,2
Indigo XP,18,2,0
Indira Darshini,27,10,1
Indore Eat Restaurant,4,0,0
Indori Chatorey,9,9,0
Indori Zaika,12,24,4
Indus Family Restaurant,3,3,0
Indy's Comfort Food,16,2,2
Infinitea Tea Room & Tea Store,108,6,0
Inhouse Burger,7,2,2
InnerChef,4,4,0
Insta Cafe,16,4,0
Intriicake,40,0,0
Invitation Bar & Restaurant,0,0,4
Ishta Cafe,2,0,0
Ishta Upahar,21,23,11
It's Mirchi - Ramee Guestline Hotels,8,6,2
Italia - The Park Bangalore,0,0,0
Ithaa's Biriyani,2,0,0
Ithaca - The Chancery Pavilion,14,0,2
Ivy,2,0,0
Iyengar Bakery,30,4,0
Iyengar's Bakery,0,0,0
Iyengars' Bakery,2,0,0
Izakaya Gastro Pub,2,0,0
J K Fish Land,12,5,3
JFD Cafe,6,6,0
JLT Food,20,8,0
JP Fish Land,0,3,0
JS Food Court,1,0,0
JW Kitchen - JW Marriott Bengaluru,17,2,1
Jade,17,6,0
Jaffa's Biryani,6,1,1
Jaganath Hotel and Restaurant,30,6,0
Jaganath Restaurant And Hotel,2,0,0
Jai Mataji Farshan & Sweets,1,0,0
Jaisalmer,2,0,0
Jaishree Pavilion,28,6,2
Jalaram Sweets,11,2,0
Jalpaan,5,0,1
Jalsa,32,3,1
Jamavar - The Leela Palace,7,0,0
Japan Travel Cafe Azuki,12,0,0
Jars,18,2,6
Java,46,10,0
Java City,4,4,0
Jayanagar Grill House,34,18,8
Jayanagara Donne Biryani,24,33,3
Jayanthi Sagar,11,2,0
Jeff's - Royal Orchid Hotel,32,8,0
Jerry Mama's,8,0,0
Jhanhavi Restaurant,2,2,0
Jhasaa,1,1,0
Ji Hazoor,16,4,0
Jigani Dum Biryani Centre,0,0,0
Jigarthanda,7,0,0
Jimi's Beer Cafe,57,0,3
Jingo BBQ & Burgers,1,1,1
Jiyo Natural,16,4,8
Jodhpur Jaika,0,0,0
Jodhpur Sweets,16,0,0
Jodhpur Sweets & Corner,0,0,1
Joey's,2,0,0
Johnny Fox,12,0,0
Johny's Kitchen,6,0,0
Jonah's,43,17,0
Joon Restaurant,3,0,0
Jose's Mess,8,0,0
Joshitha Andra Mess,6,1,0
Juice 99,9,6,4
Juice Berg,6,0,0
Juice Buzz,3,1,0
Juice Fresco & Pizza,4,2,0
Juice Junction,36,9,3
Juice Junction Food Court,3,2,0
Juice Lounge,9,5,5
Juice Shop,57,44,11
Juiced Burger,2,0,0
Juicemaker,34,28,3
Juicy,25,14,4
Juicy Momos,6,1,0
JukeBox,12,2,0
Jumping Beans,3,2,0
Just Bake,49,21,1
Just Baked,4,2,0
Just Bunny,3,0,1
Just Cakes,4,0,0
Just Chill,19,15,6
Just Delhiwala,2,0,0
Just Dosa,9,1,0
Just Fresh Point,2,0,0
Just Khao Suey,13,7,0
Just Kulfi,4,0,0
Just One More,8,7,0
Just Parathas,3,0,0
Just Sandwiches,6,0,0
Just Shawarma,38,14,3
Just Thindi,0,1,1
K V Canteen,14,2,0
KA 51 Restocafe,20,2,0
KA53,10,0,0
KAARA BY THE LAKE,32,0,0
KC Das,29,0,0
KC Das - Sweet Bite,14,6,0
KC Das - Sweet Corner,1,0,0
KC Das - Sweet Paradise,9,10,1
KC Das - Sweet Sensation,14,14,2
KC Das - The Delite Foods,5,4,0
KF's Biryani's and Kababs,5,6,1
KFC,44,15,3
KKR FOODIES,6,6,0
KKR Foodies,0,3,0
Kaafi Desi,34,6,0
Kaaka T Cafe,8,0,0
Kaapi Kendra,4,0,0
Kaaram,9,0,0
Kaati Roll Delights,2,1,0
Kaati Zone,7,1,0
Kaayal,6,2,0
Kabab Ghar,5,7,4
Kabab Korner,9,0,0
Kabab Magic,18,4,1
Kabab Mandra,3,1,0
Kabab Mehal,4,2,0
Kabab Mirchi,4,0,0
Kabab Nation Corner,8,0,4
Kabab Souq,4,3,2
Kabab Treat,7,11,2
Kababs N Biryani,4,8,1
Kachori Kafe,16,10,4
Kadai Crust - Amma Veetu Samayal,0,0,3
Kadal Da Meen,15,0,0
Kadamba Foodline,65,5,6
Kadavu Shappu Currys,0,2,0
Kafe Nook,6,0,3
KafeKombos,11,1,0
Kailash Parbat,7,5,0
Kairali,10,7,3
Kairali Restaurant,6,8,6
Kairos,34,6,0
Kaizen Wellness Kitchen,3,0,0
Kaka Da Dhaba,4,14,8
Kaka Food Corner,2,0,0
Kaka-T-Cafe,4,0,0
Kakaji,2,0,0
Kakal-Kai Ruchi,18,1,1
Kakatiya's,2,2,0
Kalavara,1,1,0
Kalinga Delicacies Restaurant,6,4,0
Kalingas,12,0,3
Kalla's Restaurant,20,0,0
Kalmane Koffees,3,0,2
Kalpanar Rannaghar,0,0,0
Kalpavriksha Upahara,3,0,0
Kalpavruksha,6,3,0
Kamakshi Kitchen,14,0,0
Kamat Bugle Rock,5,2,0
Kamat Hotel,8,0,0
Kamat Minerva,0,1,0
Kamat Restaurant,16,10,0
Kamat Swaad,6,0,0
Kamat's Palate Korner,4,0,0
Kanha's Kafe,8,0,0
Kanhaiyas,5,0,0
Kanis Kitchen,24,0,0
Kannoor Restaurant,6,3,0
Kannur Food Point,9,4,0
Kanteen 038,20,0,0
Kanti Sweets,39,8,2
Kanti's,32,8,0
Kanua,6,0,1
Kapoor's Biriyani,2,2,0
Kapoor's Cafe,55,5,0
Karachi Bakery,33,6,0
Karahi Kitchen,7,0,2
Karama Restaurant,43,8,2
Karavali Family Restaurant,1,0,0
Karavali Fishland,7,3,1
Karavali Grand,36,0,0
Karavali Kitchen,1,0,0
Karavali Kolimane,12,2,2
Karavali Lunch Home,0,1,1
Karavalli - The Gateway Hotel,20,0,0
Karavalli Food Court,0,2,0
Kareem's,15,0,0
Kargeens,10,1,0
Karma Foods,2,2,0
Karma Kaapi,17,3,0
Karnataka Biriyani Paradise,5,0,0
Kartik's Mithai Shoppe,14,3,0
Kataria's Home Food,2,0,0
Kathi Junction,4,4,0
Kaulige Millet Corner,12,0,0
Kava Kitchen & Bar - Fairfield by Marriott,6,0,0
Kavya Sagar,1,2,1
Kawaii,15,2,0
Kebabs & Kurries - ITC Gardenia,5,0,0
Kebarbiq,2,0,0
Kedia's Fun Food,17,3,0
Keep It Straight Cafe,36,0,0
Kenny's Restaurant,60,12,2
Kentacky Chicken Corner,2,0,0
Kenz Karam,4,0,0
Kerala Foods,8,0,0
Kerala Kitchen,24,13,0
Kerala Mess,7,1,1
Kerala Pavilion,16,2,0
Kerala Restaurant,18,14,8
Kerala Tiffin,2,1,0
Kerala Vibes,21,15,4
Kesar Sweet Shop and Fast Food,42,10,8
Kesariya,29,3,0
Keshava Kabab Centre,2,0,0
Keto Kitchen,1,0,3
Kettle & Kegs,13,12,2
Kettle On,2,0,0
Keventers,57,33,6
Kevins Kitchen,2,0,0
Keys Cafe - Keys Hotel,16,2,0
Khai Khai,12,8,0
Khan Saab Hotel,3,0,0
Khan Saheb Grills And Rolls,2,1,1
Khan Saheb Grills and Rolls,36,8,1
Khan's Biryani,6,8,0
Khana Khazana,26,2,0
Khane Ka Khazana,4,4,1
Khatta Meetha Teekha,54,4,0
Khawa Karpo,29,0,2
Khazana Food Paradise,4,0,0
Khichadiwala,9,0,0
Kholi Mane,12,8,0
Khushi Kitchen,2,0,0
Kia's Kitchen,8,2,0
Kick Out the Jams,3,1,0
Kickin Burger,16,12,2
Kidambi's Kitchen,11,8,1
Kidilum,6,0,0
Kim Lee Restaurant,2,0,0
Kinara Family Restaurant,8,0,0
Kinara Tiffany,16,0,0
King,10,2,2
King Burger Cafeteria,2,2,0
King Kong,36,2,0
King Of Spices,12,0,0
King Punjabi Restaurant,36,2,0
King's Appetite,30,8,2
Kingley Grand,4,0,0
Kings Kitchen,3,0,0
Kinpeetos,3,0,0
Kirthi's Biryani,2,2,0
Kisna Cafe,4,2,1
Kitchen Aroma,3,0,0
Kitchen On Table,40,6,3
Kitchen Online,0,0,0
Kitchen Rabbit,2,0,0
Kitchen of Joy,18,2,0
Kitchens@BTM,0,2,2
Kitchens@HSR,4,5,1
Kitchens@Whitefield,3,3,0
Kittu's,22,4,2
Knight Riders,0,32,4
Knowhere,3,0,0
Kobe Sizzlers,93,1,23
Kokomo,2,4,0
Kolkata Famous Kathi Rolls,39,6,0
Kolkata Famous Kati Roll,6,0,0
Kolkata Famous Kati Rolls,27,11,4
Kolkata Famous Katti Rolls,7,2,0
Kolkata Kathi Rolls,10,2,2
Kolkata King,0,1,0
Kolkata Kitchen,10,4,4
Kolkata Restaurant,1,4,0
Kolkata Roll & Fast Food,2,0,0
Kolkata Roll House,2,1,0
Kolkata Rolls & Fast Food,1,2,0
Kolkata Rolls & Hot Dum Biriyani On Dial,22,6,0
Kolkatta Famous Chat,24,0,0
Kolkatta Famous Kati Rolls,4,0,0
Komala Refreshments,2,0,0
Konark Restaurant,18,20,2
Konark Vegetarian Restaurant,46,7,1
Konaseema Kitchen,13,1,1
Konfection Konnection,12,0,0
Kopper Kadai,30,10,0
Kor Cafe,30,0,0
Koshe Kosha,19,1,0
Koshy's,4,2,0
Kotae Garden,2,1,1
Koylas,0,2,0
Krazzy Folds,28,2,0
Krem,23,0,1
Kreme Delight,6,6,2
Krish Punjabi Kitchen,9,0,1
Krishna Grand,28,17,15
Krishna Sagar,6,0,0
Krishna Vaibhava,1,2,0
Krispy Kreme,42,0,1
Kritunga Restaurant,46,6,8
KrumbKraft,4,0,0
Krupa Sagar,2,2,0
Krutunga,2,0,0
Krutunga Restaurant,6,0,0
Kshatriya's Kitchen,14,4,2
Kudil Kerala Kitchen,1,0,0
Kudla - Hotel Ramanashree,16,0,0
Kulcha Kulture,2,0,0
Kulfi & More,36,2,2
Kulfi House,1,0,0
Kulfi Point,16,4,0
Kulfisthan,9,0,3
Kulkarni's New Uttara Karnataka Food Speciality Stores,4,0,0
Kullad Cafe,57,13,0
Kullukki,6,2,0
Kumarakom,21,3,0
Kumbakonam Degree Coffee,4,0,0
Kund Indian Barbeque,4,2,0
Kunda Biryani,1,1,0
Kundana,21,0,0
Kuttanad,6,0,0
Kuttanadu,3,0,0
Kwality Cakes N Bakes,3,0,0
Kya Khaoge,0,1,0
Kyakhanahai,6,0,0
Kylie's,5,0,0
L J Iyengar Bakery,3,0,0
L'inoui,10,2,0
L'inoui - The Leela Palace,4,0,0
LIT Gastro Pub,32,8,0
LOFT38,32,6,2
La Casa,6,1,0
La Estranger Cafe,6,0,0
La Grande Cafe,17,2,1
La Madeleine Patisserie,2,0,0
La Mirch,1,2,0
La Pino'z Pizza,26,11,3
La-Pizza,2,2,1
Laa Raiba Restaurant,0,2,0
Laddoos,29,7,3
Lahe Lahe Santhe,6,0,3
Lakeview Milkbar,104,12,4
Lakshmi Rayalaseema Ruchilu,10,18,12
Lalbagh Grand,1,0,0
Lancy Sweets,2,0,0
Lashiwalla,3,4,0
Lassi,1,7,2
Lassi Adda,4,0,0
Lassi Berg,16,2,0
Lassi Cafe,3,1,0
Lassi Corner,35,10,0
Lassi Darbar,6,2,0
Lassi Magic,5,0,0
Lassi Mania,12,5,3
Lassi Pot,8,2,0
Lassi Resto Cafe,0,2,0
Lassi Shack,15,3,2
Lassi Shop,56,6,2
Lassi Top,0,2,0
Lassi Xpress,15,3,0
Late Night,5,14,2
Laughing Llama Gastropub,19,1,0
Lavonne,11,1,0
LayerBite,6,0,0
Lazeez,27,3,0
Lazeez Corner,0,6,0
Lazeez Xpress,4,8,0
Lazer Castle,7,8,0
Lazio Steaks & More,6,0,0
Laziz Pizza,3,0,0
Le Casse CroÃƒÂƒÃ‚ÂƒÃƒÂ‚Ã‚ÂƒÃƒÂƒÃ‚Â‚ÃƒÂ‚Ã‚ÂƒÃƒÂƒÃ‚ÂƒÃƒÂ‚Ã‚Â‚ÃƒÂƒÃ‚Â‚ÃƒÂ‚Ã‚Â»te,24,0,0
Le Charcoal,24,6,2
Le Charcoal Xpress,2,2,0
Le ChÃƒÂƒÃ‚ÂƒÃƒÂ‚Ã‚ÂƒÃƒÂƒÃ‚Â‚ÃƒÂ‚Ã‚ÂƒÃƒÂƒÃ‚ÂƒÃƒÂ‚Ã‚Â‚ÃƒÂƒÃ‚Â‚ÃƒÂ‚Ã‚Â©ri,38,0,1
Le Cirque Signature - The Leela Palace,2,0,0
Le Gateau - The Cake Shop,29,0,0
Le Jardin - The Oberoi,34,12,4
Le Rock,48,0,0
Le Rosa Restaurant,4,0,4
Leia Soul Food,38,0,2
Lemon Rice,10,0,0
Leon Grill,162,24,3
Lepcha Foods & Refreshment,1,0,0
Lets cafe,2,2,0
Library Bar - The Leela Palace,18,2,0
Lickity Garden,0,0,0
Lifetree CafÃƒÂƒÃ‚ÂƒÃƒÂ‚Ã‚ÂƒÃƒÂƒÃ‚Â‚ÃƒÂ‚Ã‚ÂƒÃƒÂƒÃ‚ÂƒÃƒÂ‚Ã‚Â‚ÃƒÂƒÃ‚Â‚ÃƒÂ‚Ã‚Â©,1,0,0
Lila Kitchen,0,2,0
Limelight - Royal Orchid Hotel,24,9,0
Limra Hotel,19,11,6
Lion City Restaurant and Cafe,2,0,0
Liquid Lounge - Hyatt Centric MG Road,4,0,0
Litti House,18,2,2
Litti Twist,15,0,0
Little Bites,8,0,0
Little Black Choux,20,0,0
Little Cafe,1,0,1
Little Chef,4,0,0
Little Green Cafe,18,0,2
Little Italy,74,3,3
Little Kitchen,0,2,0
Little Kolkata,1,1,0
Little Lucknow,45,3,0
Little Nature,2,0,0
Little Orissa Restaurant,4,0,0
Little Paramount Restaurants,48,4,0
Little Shangai,4,0,0
Little White Kitchen,4,0,0
Liveat,16,4,0
Lobby Cafe - Radha Regent,6,2,0
Loca Moca,36,4,0
Loca Moca - The Indian Grub,1,0,0
Lono,54,5,0
Lord of Combos,0,2,0
Lost in Pizza,1,3,0
Lot Like Crepes,82,5,0
Lotus Pavilion - ITC Gardenia,1,0,0
Lotus Royal Cuisine,4,2,0
Lounge 189,16,0,0
Loveshack,60,4,0
Loyal Food,4,7,0
Lucknowi Dabba,2,0,0
Lucknowiz,6,2,2
Lucky's Biriyani Point,6,0,0
Luna Sweets,7,1,2
Lungees Foods,2,1,0
Luo Han,3,1,1
Luqma Restaurant,8,8,0
Luscious - St. Mark's Hotel,2,0,0
Luscious Folks,2,0,0
Lychees Restaurant,26,12,2
M Bar - Bengaluru Marriott Hotel Whitefield,3,0,0
M Cafe - Bengaluru Marriott Hotel Whitefield,26,4,0
M World Cafe,16,0,2
M.M Restaurant,0,0,2
M.M.A Kababs Rolls & Biryani Center,0,8,0
M.M.A. Kabab & Rolls,0,0,0
M.M.A. Kabab's & Biriyani Center,14,10,4
M9 - Citrus Hotels,2,4,0
MAD Belgian Waffles,8,4,2
MAP- My Appetite Place,5,0,0
MBR Dum Biryani County,14,2,0
MDP Coffee House,8,4,0
MISU,17,3,0
MK Dabbawala,14,33,3
MM Bar & Restaurant,14,0,0
MRA,20,10,3
MRS Paradise,9,1,1
MTR 1924,14,6,0
Ma-Arya Family Restaurant,1,1,0
Maa Bhook Lagi,41,5,2
Maa Biryani Hyderabadi,1,0,0
Maa Di Hatti,3,6,0
Maa Durga Fast Food,16,8,0
Maa Durga Restaurant,2,0,0
Maa Reddy's Hyderabadi Biryani House,6,3,0
Maa Tara Hotel,24,11,5
Maa'r Rannaghor,3,0,0
Maaheshwari Chaat Wala,24,2,2
Maashpacheez,2,0,0
Mac Fast Food,20,20,0
Mad About China,24,13,3
Mad Over Biryani,13,16,2
Mad Over Donuts,51,21,1
Maddy's Cafe,6,0,0
Madeena Hotel,33,10,2
Madhu Iyengars Bakery,3,1,1
Madhu's Tandoori Kitchen,0,2,0
Madouk Cafe,4,0,0
Madurai Idly Shop,14,2,0
Madurai Meenakshi Vilas,1,0,1
Maggi N Maggi House,7,12,0
Magic Box,22,6,9
Magic Meals,20,0,0
Magix's Parattha Roll,12,6,2
Magnolia,21,2,0
Mahadii's,2,0,0
Mahadwani Restaurant,1,0,0
Mahek E Punjab,0,1,0
Mahek Pizza,32,6,0
Mahek of Punjab,2,0,0
Mahesh Friends Food Center,4,36,0
Mahesh Lunch Home,29,7,1
Mahjong Room - WelcomHotel Bengaluru,5,0,1
Mainland China,113,0,7
Maiyas,12,2,0
Mak n Vak - Fyn,19,0,0
Make It Roll,4,0,0
Makers of Milkshakes,7,0,0
Malabar,0,4,4
Malabar Bay,28,11,3
Malabar Cafe,4,0,0
Malabar Coastal Cuisine,13,7,0
Malabar Kitchen,4,4,0
Malabar Mandra,22,16,2
Malabar Mint,32,8,0
Malabar Restaurant,8,0,0
Malabar Treat,3,0,0
Malhar Maharashtrian Cuisine,2,0,0
Mallige,0,1,0
"Malnad Blossom, Coffee & Cream",1,0,0
Malnad Military Hotel,0,1,0
Mama Mia!,44,4,4
Mamaji's,4,4,0
Mamatha Restaurant,16,52,12
Mambos Cafe,10,0,0
Mamma Mexicana,10,15,0
Manasa Andhra Style Multi Cuisine Restaurant,2,4,0
Manasa Cool Cafe,0,0,0
Manchow,4,0,0
Manchu Cafe,9,3,0
Mandarin Box,18,2,0
Mandi,3,0,0
Mandya Gowdru Donne Biriyani,4,2,2
Mandya Gowdru Hotel,2,2,0
Mane Holige,10,0,1
Mangala Hotel,3,0,0
Mangalore Lunch Home,16,8,1
Mangalore Pearl,1,0,0
Mangalore pearl - Seafood Restaurant,45,3,0
Mango Tree Grand,3,0,2
Mani's Dum Biryani,76,13,2
Manjit Da Dhaba,30,0,0
Manju's Kitchen,9,12,3
Manjushree Upahara,1,0,0
Manshi Paratha & Pav Bhaji,2,1,1
Marahaba,2,3,0
Maratha Darshan,17,1,2
Marathi Biriyani House,3,0,0
Maravanthe,41,0,0
Marenahalli Donne Biriyani,6,0,0
Marhaba,8,4,0
Maria Taste Circle,3,3,1
Maria's Goan Kitchen,6,3,0
Marigold Fine Dine Restaurant,12,0,0
Mark,2,1,0
Marley's Bistro,4,0,0
Marmaris,4,0,0
Marunadan Kada,2,0,0
Marwa Family Restaurant,4,4,0
Marwa Restaurant,0,2,0
Mary Cafe,6,1,0
Marzipan Cafe & Bakery,132,0,8
Masala Central,4,0,0
Masala Chai,3,2,0
Masala Dani - The Paul,14,5,1
Masala Klub - The Taj West End,3,0,0
Masala Oota,2,0,0
Masala Secret Eat WOW,6,0,0
Masale Daan,3,2,0
Mast Kalandar,11,30,3
Mast Punjabi Spice,9,9,1
Master Brothers,5,0,0
Master Chifoo,8,0,0
Mathsya Darshini,0,1,0
Matka,16,6,2
Matsuri - The Chancery Hotel,15,3,0
Matteo Coffea,52,0,4
Mavalli Tiffin Room (MTR),32,2,1
Maxpresso,13,0,0
Mayo N Burger,2,0,0
Mayur,41,3,0
Mayura Grand,1,0,0
Mayura Vybhava,1,1,0
McDonald's,50,19,3
McDonald's Play Place,2,1,0
McLeans Italian Pizzeria,24,10,6
Me And My Cake,8,9,0
Meal & Biryani,9,0,0
Meal In A Box,6,1,0
Meal Square,2,0,0
MealBox Inc.,5,0,0
Mealer.in,22,6,2
MealsTree,1,0,0
Mealsbaba,13,3,4
Meat And Eat,34,22,2
Meat and Eat,17,10,1
Meaza Ginger Multi Cuisine Restaurant,12,7,1
Mecaf Family Restaurant,3,0,0
Meena's Kitchen,3,0,0
Meenu Oota Da Maane,42,11,3
Meeraa's Beegara Oota,2,0,0
Mega Bite,3,0,0
Meghana Biryani,5,0,0
Meghana Foods,54,4,2
Meghana Grand,4,0,0
Mel's Korner,4,0,0
Melange - Hotel Ekaa,11,9,0
Melt,2,0,0
Melt - Eden Park,10,1,0
Melting Spot,4,0,4
Memories of China - Taj MG Road Bengaluru,6,0,0
Meraki Patisserie,1,0,0
Mesa Deli - Svenska Design Hotel,0,6,0
Mesa Lounge Bar - Svenska Design Hotel,48,12,0
Messy's,2,0,0
Mid Night Hunting,13,7,0
Mid-Night Crunch,2,4,0
Midas Touch,3,0,0
Midnight Eats,0,2,0
Midnight Express,9,8,1
Midnight Hunger Solutions 24/7,9,13,4
Midnight Mania,20,3,1
Midnight Restro,0,1,0
Mighty Paws,7,2,0
Mighty Small,5,0,0
Mikusu - Conrad Bengaluru,21,0,0
Milk N Shakes,26,2,0
Milkshake Kulture,2,0,0
Millennium Plaza,20,6,2
Millers 46,68,12,0
Millet Mama,2,0,0
Mimansa @ Foxtrot,45,0,0
Min Mini Punjabi Dhaba,9,0,0
Mini Adiga's,2,0,0
Mini Fast Food,2,2,0
Mini Forest,0,0,0
Mini Punjabi Dhaba,8,2,0
MiniMelts,2,0,0
Mint Masala,0,0,4
Mint Spice CafÃƒÂƒÃ‚ÂƒÃƒÂ‚Ã‚ÂƒÃƒÂƒÃ‚Â‚ÃƒÂ‚Ã‚ÂƒÃƒÂƒÃ‚ÂƒÃƒÂ‚Ã‚Â‚ÃƒÂƒÃ‚Â‚ÃƒÂ‚Ã‚Â© & Restaurant,3,3,0
Mint and Mustard,4,1,0
Mirch,9,3,0
Mirch Masala,6,0,2
Mirchi Bites- Spice Heaven,1,3,0
Miro Bar - Miraya Hotel & Residences,20,4,0
Misal Darbar,3,3,0
Mishmash,12,3,3
Mishra Pedha,0,1,0
Mishra's Pedha Big Foods,2,0,0
Miss Momo,9,3,5
Mist n Creams,25,0,1
Mithai Time,1,1,0
Mitran Da Junction,4,1,0
Mizo Kitchen,1,0,0
MoXa Bistro,2,0,0
Mockaholic Restro Beer Cafe,15,6,2
Modern Restaurant,0,3,0
Moghul Durbar Restaurant,0,3,0
Mojo Bites,1,0,0
Mojo Pizza - 2X Toppings,54,6,4
Mom Made Food,4,0,0
Mom's Momos,6,3,0
Momm's The Kitchen,2,0,0
Momo Bites,1,0,1
Momo Corner,1,0,0
Momo Hut,22,3,0
Momo Jojo,4,0,0
Momo Junction,1,0,0
Momo Mania,4,0,0
Momo Rice Noodles,7,14,3
Momos Corner,16,4,3
Momoz,14,1,0
Momscurry,5,8,1
Monarch,4,0,0
Monet's Bistro,40,0,0
Mongolian Kitchen,4,0,0
Monsoon - The Park Bangalore,36,6,10
Monsoon Express,3,0,0
Mood For Food,2,0,0
Moolehatti Donne Biryani Mane,3,3,0
Moonlight Kitchens,2,0,0
Moradabadi Special Biryani,2,0,0
More Pizza,6,0,0
More Than Chocolates,2,1,0
Moriz Restaurant,53,29,10
Mota Bawarchi,8,0,0
Mother Nature Kulfi,4,0,0
Mother's Food,19,1,0
Mother's Kitchen,2,1,0
Mother's Meal,3,1,1
Mother's Rasoi,1,0,0
Mothers Recipe Restaurant,4,3,3
Moti Mahal Delux,14,2,0
Motis Kitchen,6,2,2
Moto Store & CafÃƒÂƒÃ‚ÂƒÃƒÂ‚Ã‚ÂƒÃƒÂƒÃ‚Â‚ÃƒÂ‚Ã‚ÂƒÃƒÂƒÃ‚ÂƒÃƒÂ‚Ã‚Â‚ÃƒÂƒÃ‚Â‚ÃƒÂ‚Ã‚Â©,48,1,7
Mou Tushi Family Restaurant,6,0,0
Mount View Fast Food,4,0,0
Mountain Spice,8,2,0
Mr Manchurian,4,1,0
Mr. Anbu'g Ambur Biryani,2,0,0
Mr. Beans - Home Cafe,17,3,0
Mr. Meetharam,8,12,2
Mr. Singh Da Dhaba,0,1,0
Mudpipe Cafe,170,0,0
Mug N Bean,24,6,10
Mughal Restaurant,0,2,0
Mughal Treat,16,0,2
Mughals Restaurant,28,8,4
Mugs N Burgers,49,6,5
Mulabagilu Dosa,1,0,0
Multi Cakes,15,4,1
Mumbai Badam Milk & Lassi Center,10,5,1
Mumbai Kulfi,26,14,4
Mumbai Tiffin,32,6,2
Mumbai Xpress,1,0,1
Mummy Dhaba,59,41,0
Mummy's Kitchen,24,2,0
Munchies,5,0,0
Murli,2,0,0
Murphy's Brewhouse - The Paul Bangalore,56,3,1
Murugan Mess,8,0,0
Mustard Cafe,19,1,0
Mustard Food Court,41,3,4
Muthashy's,18,6,3
Muziris,12,8,0
My Cafe,7,1,0
My Dabeli & My Pizza,2,0,2
My Space - WelcomeHotel Bengaluru,3,0,0
Mynt - The Taj West End,10,2,0
Mynutrikitchen,6,3,1
Myrasoiya.com,8,4,2
Mysore Carnival Restaurant,4,0,0
Mystique Palate,20,0,4
Mysuru Coffee Thindi,12,0,0
NEW SUNRISE RESTAURANTS,9,11,0
NH-1,1,0,0
NH7 Refuel,18,2,6
NH7 Resto Pub,0,0,0
NH8,58,2,4
NMR Multicuisine Restaurant,8,4,0
NTR Cafe,0,2,0
NY Pizza & Waffles,0,3,3
NY Pizza And Waffles,0,3,0
NY8LIFE,0,0,0
NYS Kitchen,36,4,0
Naachiyar's,36,0,0
Naadan Bhakshanasaala,1,0,0
Naani'z Biryani,2,0,0
Naati Biriyani,0,0,0
Naati Manae,43,6,8
Nadan Thattukada,3,3,3
Naga's,0,1,0
Nagarjuna,49,8,3
Nagarjuna Chimney,15,0,0
Nagas,0,11,1
Nagashree's,2,0,0
Naidoo's Donne Biryani,2,0,0
Naidu Military Hotel,6,0,0
Nainital North Indian Restaurant,30,10,0
Nakkshatra,13,4,3
Namak Swad Anusaar,4,2,0
Namana Garden,2,0,0
Namaste Kitchen,8,0,0
Namdhari's Salad Bar,0,0,0
Nami's Global Kitchen,1,0,0
Namma Banashankari Donne Biryani,2,0,0
Namma Biriyani,6,6,0
Namma Biryani,5,1,1
Namma Brahmin's Idli,2,2,1
Namma Halli Jonne Biryani,1,0,0
Namma Kadai,2,0,0
Namma Kudla,6,0,0
Namma Madurai,4,2,0
Namms Cafe,4,2,0
Nammura Donne Biriyani,20,12,8
Nammura Upahara,1,0,0
Nanda's,5,2,0
Nandanam Family Restaurant,17,0,2
Nandanam Restaurant,2,0,0
Nandhana Palace,75,4,0
Nandhanam Restaurant,12,3,0
Nandhanu's Rasoi,0,1,0
Nandhanus Rasoi,2,4,0
Nandhi Andhra Style Family Restaurant,6,0,0
Nandhini Deluxe,7,0,2
Nandhini Paradise,12,9,3
Nandi Mess - Feel Like Mom's,14,1,0
Nandighosha,2,1,1
Nandini Andhra Style Mess,20,2,0
Nandini Deluxe,0,2,0
Nando's,18,0,2
Nanna Munna,1,0,0
Nanna Munna Paratha House,8,0,0
Napoli Italian Bistro,20,0,0
Narayana Veg Treat,2,0,1
Narmadha's Hyderabad Biriyani,3,0,0
Nashta Pani -The Gujarat's Special,1,2,0
Nati Palace,0,0,0
Natuna Seafood House,2,0,0
Natural Ice Cream,15,0,1
Natural Mumbai Kulfi,4,0,0
Nature's Nectar,19,1,0
Navab's,6,0,0
Navami,3,3,0
Navarang Fast Food,1,0,0
Navya Andhra Style Restaurant,0,0,0
Navya Foods,5,0,0
Navya's,4,38,0
Nawab's Kolkatta Roll,8,0,0
Nawab-E-Khana,7,6,0
Nawabi Handi,22,14,0
Nawabi Zaica,16,4,0
Neer Dosa Fish Land,22,14,4
Neer Dose Fish Land,1,1,0
Neffy's - Cakes & More,22,0,0
Nellore Abhiruchi,2,0,0
Nellore Bhojanam,1,1,0
Nellore Dosa Camp,0,0,0
Nellore Mess & Tiffens,0,0,0
Nellore Ruchulu,18,6,0
New A1 Chicken Biryani Point,0,0,0
New Aastha,22,8,6
New Alameen Restaurant,10,10,0
New Ambur Biryani,1,1,0
New Ambur Dum Biryani,0,0,0
New Ambur Hot Dum Biryani,0,2,0
New Andhra House,6,2,0
New Andhra Spice,10,1,1
New Arya Bhavan,18,2,2
New Biriyani Darbar,12,7,1
New Chickpete Donne Biryani,1,1,0
New Cool Joint,0,1,1
New Delicacy,0,2,0
New Farm Fresh,30,8,2
New Food Magic,10,0,0
New Friends,14,6,0
New Gongura Grand,12,0,0
New Gongura's,20,12,0
New Grand Restaurant,6,2,0
New Green Leaf Restaurant,34,4,0
New Hilal Restaurant,2,0,0
New Hotel Prashanth,1,2,0
New Kabab Plaza,0,2,0
New Kabab Zone,25,14,2
New Kadai,7,4,0
New Karawali Lunch Home,5,4,0
New Kohinoor Hotel,12,4,4
New Krishna Sagar,2,0,0
New Kudla Family Resturant,0,5,0
New Leaf Restaurant,0,0,0
New Limra Hotel,0,0,0
New Mahesh Friends Food Corner,3,0,0
New Mangalore Lunch Home,32,15,13
New Mogul Empire,0,0,0
New Paratha Corner,0,1,0
New Peking,3,0,0
New Prashanth Hotel,20,9,3
New Prashanth Naati Style,8,0,0
New Prashanthi Donne Biryani,2,0,0
New Punjabi Dhaba,12,2,0
New Punjabi Food Corner,4,0,1
New Punjabi Hotel,8,8,0
New Punjabi Pure Veg Restaurant,6,3,0
New Punjabi Tasty Khana,8,2,0
New Rajadhani Spicy,1,0,0
New Rajalakshmi Sweets,0,2,0
New Roll Centre,6,0,0
New Royal Paris Restaurant,8,4,0
New Royal Treat,9,27,4
New Select Hotel,3,0,0
New Shanthi Sagar,6,1,3
New South Corner,9,0,0
New Surya Sweets & Snacks,2,1,0
New Taj,0,6,0
New Taj Biryani Centre,10,0,0
New Tandoori Point,0,2,0
New Tasty Cafeteria,6,0,0
New Udupi Delicacy,7,0,0
New Udupi Fresh Juice Centre,4,0,0
New Udupi Garden,2,0,0
New Udupi Grand,4,0,0
New Udupi Palace,2,0,0
New Udupi Upahar,8,0,0
Night Bell,12,5,3
Night Biryani,6,17,0
Night Booze,3,0,3
Night Cafe,22,16,2
Night Food Delivery,3,5,1
Night Food Joint,1,1,0
Night Fox,1,0,0
Night Hunger,3,0,2
Night Panda,15,14,2
Night Restro,6,0,0
Night Spoon,9,10,1
NightOwl,1,0,0
Niice Cream,2,0,0
Nila Cafe,11,0,0
Nile Garden Restaurant,14,20,2
Nilu Ki Rasoi,17,0,1
Nirvana Bar - Manipal County,6,0,0
Nisarga Garden,1,0,0
Nite Out,29,4,0
Nithyothsav - Hotel Ramanashree,0,0,3
Nizam's Biryani House,18,1,2
No 10 Fort Cochin,12,3,0
No More Hungry,4,2,0
NoLimmits Lounge and Club,85,15,0
Noibidya,8,2,0
Noodle Panda,38,2,0
Norsha Caffe,7,0,7
North Indian And Bengali Mess,24,8,0
North Indian Hotel,4,0,2
North Indian Tadka,3,0,0
North Rasoe,0,3,0
North Se South Veg & Non-Veg Restaurants,4,0,0
Northam's Pizza.Pita,4,0,0
Northern Bites,23,33,4
Northern Gate- Gateway Hotel,4,0,0
Northern Route,11,0,0
Nossa Goa,60,0,0
Nostradamus Bar & Lounge,28,0,0
Not Just Waffles,12,0,0
Notebook Food Court,4,0,2
Nouvelle Garden,28,10,2
Now Momos,12,2,0
NutBerry,33,3,0
Nutri Fit,6,0,0
Nutri Rich,6,0,0
Nutrition on Wheels,17,2,1
Nuts Over Salads Cafe,60,0,0
Nutty Affair,4,0,0
Nutty Squirrel,0,0,0
O2 Juice Bar,10,0,0
OCEA HOTEL,12,0,0
OMG Biriyani,2,10,0
OMY Grill,2,0,0
ONE IN A MELON,4,0,0
OPUS Club,16,4,0
Oak Tavern,2,0,0
Oakleaf,1,0,0
Oasis Restaurant,6,16,0
Ober Cafe,3,0,0
Occasions,7,0,0
Ocean,1,1,0
Odia By Nature,2,0,0
Odia Dine,1,0,0
Odians,0,1,0
Odisha Kitchen,11,6,3
Odisha Platter,4,6,0
Odissi Restaurant,3,3,0
Office Lunch Box,1,0,0
Oh My Biryani,6,6,0
Oh My Chaat,0,2,0
Old Mumbai Ice Cream,4,0,1
Old Stories,15,2,3
Oldtown Dilli,31,4,4
Oliver Wraps,4,2,0
Oliver's Pub & Diner,10,10,0
Om Made Cafe,50,10,0
Om Nom Thai,17,3,0
Om Sai Baba Mess,12,9,3
Om Sai Skanda Dosa Camp,2,0,0
Om Sweets & Fast Food,8,10,8
Om Sweets & Snacks,5,0,0
Om's Cafe Prana,12,2,0
Omleterian,2,0,0
On The Nose,42,15,8
Once In Nature,6,0,0
Once Upon A Flame,20,0,0
One Atria Cafe,10,0,0
One Chu Restaurant,5,1,0
Onesta,139,18,3
Oogway Express,12,2,0
Oogway express,1,0,0
Ooh La La,0,3,0
Oota Bangalore,20,0,0
Ooty Chocolates,32,5,2
Orbis Restaurant,17,0,1
Orchard Fresh,18,12,2
Oregano Pizzeria,36,28,0
Oregano Soul Food,21,0,0
OrganicFeast,2,2,0
Origami,4,4,2
Orzuv,17,2,1
Ottimo - ITC Gardenia,1,0,0
Oven Fresh,22,8,2
Ovenstory Pizza,32,3,0
Over The Top Terrace Lounge,32,8,0
Owl's Kitchen,9,10,1
Owly,17,0,1
Oye Amritsar,158,48,4
Oyster Bay,4,0,0
Oz Pies,1,0,0
Ozaa,0,0,0
PHEW (Play Hard Eat Wild),10,10,5
PSV's Andhra Paradise,2,0,2
Paakam,20,14,6
Paani Kum Chai,2,0,0
Paanwadi,4,0,0
Paaramparya Restaurant,7,0,0
Pablo's Gastrobar,30,4,6
Pabrai's Fresh & Naturelle Icecreams,20,4,0
Pabrai's Fresh and Naturelle Icecreams,4,0,0
Page 3 Multicuisine Restaurant & Bar,4,0,0
Pai Vihar,0,7,0
Pai's Kitchen,4,2,0
Painted Platters,52,4,0
Paisa Vasool,13,0,0
Pakiza Dilli Darbar Restaurant,12,3,3
Palak Ande Ka Funda,10,2,0
Palar Restaurant,2,4,0
Palki Restaurant,2,0,2
Pallavi North Indian Veg Restaurant,3,0,0
Pallavi Restaurant,12,7,1
Palmgrove,6,0,1
Palos,0,0,1
Pan's Aroma,0,1,0
Panchami Garden,1,0,0
Panchamuki Fastfood,7,0,0
Panchavati Gaurav Thali,5,25,0
Pancuzzi,22,6,0
Panda Foods,1,0,0
Pandit Ji Sweets & Namkeen,0,0,0
Pani Kum Chai,18,1,1
Pani Puri,0,0,0
Panjabi Dhaba,2,0,0
Panther Cafe,10,0,0
Papacream,7,0,0
Pappu Chaiwalla,34,8,4
Pappu Da Dhaba,6,3,0
Paprica,13,7,0
Paradise,99,13,12
Parampara - The Veg Kitchen,14,22,4
Parasme,3,0,0
Paratha Corner,6,6,1
Paratha Darbar,2,0,2
Paratha House,18,10,6
Paratha Junction,6,2,0
Paratha Merchant,2,1,0
Paratha Plaza,9,3,0
Paratha Singh Pakora King,16,3,1
Paratha Treat,4,8,8
Paratha Xpress,12,0,0
Parathe Ghar Ke,0,1,0
Parathe Wali Gali,8,2,0
Parika Multicuisine & Coastal Fine Dine,26,2,0
Parika Multicuisine Restaurant,6,0,0
Parisar Veg Restaurant,48,9,3
Parivaar,2,2,0
Parkview,1,0,0
Pashto,16,4,0
Pasta Street,39,0,1
Patels Inn,2,0,0
Pathaan Sir,15,4,8
Pathumma`s Kitchen,2,2,0
Pathy's Kitchen,36,8,0
Patiala Highway,1,0,0
Patio 805,20,0,0
Patisserie Nitash,4,0,0
Pavan Tiffin Center,4,2,0
Pazzo,19,0,1
Peace Restaurant,42,14,6
Peacock,21,3,3
Pecos Classic,34,0,0
Pecos Hideout,12,8,0
Pecos Stones,18,0,0
Pehla Niwala,4,34,2
Pensiri Cafe,10,26,4
Penta Cafe,6,0,0
Penthouse Cafe,15,3,2
People Tree Cafe,0,0,0
Peppa Zzing,6,12,0
Pepper Pillar,14,2,0
Peppers,0,1,0
Pepperwood 2,2,0,0
Petoo,42,15,4
Phobidden Fruit,18,2,0
Phulke Ghar Ke,9,2,0
Picante,14,0,0
Pimento,11,9,0
Pind Balluchi,42,0,0
Pingara,3,0,0
Pink Pepper,3,1,0
Pinxx - Royal Orchid Central,7,0,0
Pipabu,3,0,0
Pita Pocket Factory,4,0,0
Pizbur Trap,2,0,0
Pizza Baker's,1,1,0
Pizza Cart,6,0,0
Pizza D Italy,5,0,0
Pizza Hut,27,13,4
Pizza Joint Food Junction,4,2,4
Pizza Paradise,0,1,0
Pizza Republic,4,3,0
Pizza Stop,22,21,4
Plan B,27,12,1
Plantain Leaf,6,0,0
Platter,0,2,0
Podi Idly,18,2,0
Poha House,6,0,0
Poha On Wheels,4,0,0
Polamma's Mess,16,0,2
Polar Bear,64,3,1
Polo Club - The Oberoi,2,0,0
Polo Scoops,0,0,0
Pooja Veg,4,8,0
Pop Hop,17,0,2
Pop'z Kitchen,8,2,0
Popat,4,0,0
Popsies,15,3,0
Popular Bakery,20,2,0
Popular Burger,6,1,0
Portland Steakhouse & Cafe,80,0,0
Pot Biryani,36,0,7
Pot-O-Noodles,4,0,1
Potato Bae,18,0,0
Potful,43,7,1
Pothichor,0,0,0
Potpourri Kitchen,0,0,0
Pout,3,0,0
Prajwal The Restaurant,32,6,2
Prakruthi Restaurant,8,0,0
Prasiddhi Food Corner,10,10,0
Prawn Crunch,3,3,0
PreRit's Food Factory,4,1,0
Prem's Biriyani,0,0,0
Premium Bombay Kulfi,12,0,0
Prems Graama Bhojanam,11,0,0
Prestige Estate Club and Resorts,9,3,0
Priya Juice & Snacks,12,26,2
Protein Grillhouse,17,3,0
Public - The Rooftop Bar And Kitchen,38,2,0
Public Khana,12,6,0
Puchkas,28,0,4
Pugals Biriyani,26,0,2
Pulimunchi,33,0,0
Puliyogare Point,10,0,0
Pulla Reddy Sweets,8,2,0
Pulp Juice Bar,8,0,0
Punjab Bistro,56,3,5
Punjab Calling,2,0,0
Punjab Di Shaan,4,4,0
Punjab Grill,20,0,0
Punjabi Chulha,4,0,2
Punjabi Chulla,1,0,0
Punjabi Corner,1,2,0
Punjabi Daawat,0,4,0
Punjabi Dhaba,2,2,0
Punjabi Handi,8,18,2
Punjabi Home Made Food,0,0,0
Punjabi Khazana,28,2,10
Punjabi Kitchen,1,0,0
Punjabi Nawabi,20,0,0
Punjabi Nukkad Pure Veg,16,6,0
Punjabi Phulka,7,24,9
Punjabi Raswada,2,1,1
Punjabi Restaurant,2,1,0
Punjabi Swag,51,9,0
Punjabi Tadka,2,0,0
Punjabi Times,68,7,0
Punjabi Twist,12,0,0
Punjabi by Nature 2.0,52,8,0
Punjabi's Food Corner,6,2,0
Punjabites,9,6,0
Puran da Dhaba - The Pride Hotel,4,0,0
Purani Dilli,2,0,0
Pure & Natural,2,0,0
Pure Punjabi,4,10,0
Purnabramha Maharashtrian Restaurant,28,4,4
PurpleBasil.in,10,1,1
Qissa Khawani,27,0,0
Qube Cafe,18,2,0
Queen Pearls,14,4,1
Queens,27,0,0
Queens Food Corner,8,2,0
Quench & Crunch,1,0,0
Quench Bar,51,9,0
Quench The Juice Lounge,6,0,0
R R Noodles Express,0,1,0
R S Lunch Home,5,1,0
RAW Pressery,8,1,0
RB Food Point,3,3,0
RBP Greens Garden,3,0,0
RCS Kitchen,2,0,0
REFUEL,3,1,0
RICE BAR,5,20,4
RJ Food Plaza,0,1,1
RK Fresh Food,9,3,0
RK Garden Family Restaurant,12,0,0
ROYCE' Chocolate,7,0,0
RP Sweets,10,2,2
RPS Food Corner,4,0,0
RR Catering,12,0,0
RS Shiv Sagar,12,2,0
RSS Donne Biryani,2,0,0
Raaga,5,5,0
Raapchick,6,0,0
Raat Ki Rani,20,0,0
Radha Rani,8,2,0
Rafees Biryani,2,0,0
Rafoo Chakkar,0,0,0
Raghavendra Tiffin,14,0,0
Raghavendra Upahara,7,1,0
Ragi Nadu,6,0,0
Ragoo's,2,0,0
Rags on Fire,0,3,3
Rahhams,19,2,0
Raichur Biryani House,15,4,1
Raidan Oven,1,0,0
Raidan Restaurant,8,4,0
Raj Darbar,18,2,0
Raj Donne Biriyani,6,2,0
Raj Rasoi,4,0,0
Rajan's Cafe,0,4,0
Rajanna Military Hotel,24,3,0
Rajastani Rasoi,0,0,0
Rajasthani Charbhuja Restaurant,5,0,0
Rajathadri Food Fort,7,1,0
Rajdhani Thali Restaurant,51,11,2
Rajesh Restaurant,8,8,0
Rajtilak Sweets,6,8,0
Rajvardhan Foods,15,3,0
Rajveena Kitchen,3,0,0
Rajwada Food,0,2,0
Rakesh Kumar Pani Poori,2,2,0
Ram Prasad Veg,16,0,0
Ramana's,12,0,0
Ramdev Bhojnalaya,6,4,2
Ramdev Sagar,2,0,0
Ramji Chaiwale,17,3,0
Rang De Basanthi,8,2,2
Rannaghar,14,4,0
Rara Avis,4,3,1
Rashtrakutas,15,6,3
Rasoi,0,0,0
Rasoiya,1,1,0
Rasovara,52,0,4
Rawal Jalebi,14,0,0
Rayaan's BBQ,0,0,0
Rayalaseema Chefs,4,0,0
Rayalaseema Ruchulu SR,2,2,0
Rayalaseema Spice,15,5,0
Rayalaseema Spices,20,14,6
Rayalseema Kitchens,1,0,0
Rayan's Biryani,16,10,6
ReFresh Juice Junction,4,0,0
ReadyBowl,14,7,1
Real Fresh Dosa Corner,2,0,0
Red Bawarchi,4,14,2
Red Chilli,0,0,2
Red Chillies Restaurant,2,3,1
Red Chilliez,2,2,0
Red Kitchen,6,2,0
Red Lantern,8,8,0
Red Onion,15,3,0
Redberrys,4,0,0
Reddy Restaurant,1,0,0
Reddy's Hyderabadi Biryani,10,9,1
Reddy's Paradise,2,2,0
Reddy's Restaurant,4,0,3
Refills Eatery And Beverages,2,2,0
Refresh,15,7,0
Regale Restaurant,20,16,4
Regulars Pub & Grub,18,3,0
Republic Of Noodles - Lemon Tree Hotel,12,1,0
Republic Of Noodles - Lemon Tree Premier,26,2,2
Rescafe,40,0,0
Restro Cafe,30,5,0
Retreat Restaurant,12,7,1
Retro Lounge Bar,9,0,0
Rich Bowl,16,10,2
Richie Rich,10,4,1
Rim Naam - The Oberoi,62,0,0
Rimo,2,0,0
Risalo Pizzeria,8,4,0
Rishitha Restaurant,0,1,0
Ritz,30,10,0
Riwaz - The Ritz-Carlton,4,2,0
Rock Stone Ice Cream Factory,20,0,0
Rock View Family Restaurant,2,2,0
RockSalt,38,0,2
Rolex Food Palace Restaurant,6,0,0
Roll Er Dokaan,8,0,0
Roll Junction,0,4,0
Roll N Rock,20,8,0
Roll Over,38,0,4
Roll Wala,2,0,0
Rolla Rappa,6,4,0
Rollin,10,2,0
Rolls & Bowls,19,1,0
Rolls & Co,4,2,0
Rolls Mania,4,0,0
Rolls On Wheel,6,6,0
Rolls On Wheels,34,13,6
Rolls Plaza,31,7,2
Ronnie's Kitchen,6,2,1
Rooftop Cafe,24,0,0
Roomali,19,0,1
Roots,20,0,0
Ross Kitchen,0,2,0
Roti Ghar,11,1,1
Roti Ghar Ki,2,0,0
Roti Shotti,8,0,0
Roti Wala,12,3,6
RotiCurry,0,3,0
Rotti Mane,18,11,0
Roundup Cafe,18,2,0
Royal Bengal Corner,2,0,0
Royal Biryani Kitchen,18,6,0
Royal Calcutta Restaurant,2,6,0
Royal Chef Naati Oota,9,0,0
Royal Chowpatty,2,0,0
Royal Iceberry,6,0,0
Royal Paris,6,0,0
Royal Restaurant,8,8,0
Royal Savera,16,4,0
Royal Treat,6,0,0
Royal View Restaurant,40,4,0
Ruchi Sagar,8,2,0
Ruchi's Corner,0,1,0
Ruchie Rich,18,20,2
Ruchir,2,0,0
Rudra Tiffin Service,1,0,0
Ruh's Cafe,76,4,0
Ruposhi Bangla,8,2,2
Rusbury Fresh Sweets And Savouries,4,0,0
Russh Gastropub,39,1,0
Rustic Stove,13,2,2
Rustic Treats,0,0,0
S M V Snacks Corner,4,0,0
S P Dum Biryani,9,8,3
S R & Sons Bakery,10,0,0
S R Andhra Mess,14,0,2
S R Kabab Corner,2,0,0
S S Popular Frozen Stone,5,4,1
S'Mack,6,0,0
S.K Green Gardens,1,0,0
S.M.S.Evening Fast Food,1,0,1
S.W.A.T Food Truck,26,3,0
SFC Kabab Corner,6,0,0
SGS Non Veg - Gundu Pulav,18,5,1
SKY FOG,0,3,0
SL Vadapav,4,0,0
SLN Lunch Home,1,0,0
SLV Andhra Mess,4,0,2
SLV Grand,4,13,3
SLV Kabab Centre,0,0,0
SLV Restaurant,3,0,0
SR Andhra Spicy House,2,0,0
SR Choco Station,1,0,0
SS Bucket Biryani,2,0,0
SV Crispy Chicken,3,0,0
SVR Foods - Night Ka Khana,8,0,0
SaJuSo,14,0,0
Saara's Cafe - SS Lumina Hotel,25,0,7
Saara's Grill n Spice - SS Lumina Hotel,12,0,2
Saatvikk,12,0,0
Sabari Juice Junction,3,0,0
Sadi's Biriyani,14,6,0
Safe House,18,2,0
Sagar Chats,2,0,0
Sagar Delicacy,5,0,0
Sagar Deluxe,0,2,0
Sagar Fast Food,14,0,0
Sagar Grand,0,1,0
Saha Cabin Bengali Hotel,4,0,0
Sahana's (Nati Style),4,1,0
Sai Abhiruchi,3,6,0
Sai Donne Biryani,6,0,0
Sai Foods,3,0,0
Sai Mango Tree,33,13,4
Sai Shiv Sagar,5,4,3
Saka Eatery Outlet,28,4,0
Sakae Japanese Restaurant,38,0,2
Sakshi,20,16,4
Salem Kitchen,2,0,0
Salt - Indian Restaurant Bar & Grill,73,4,3
Salt And Spice,0,2,0
Salt Mango Tree,21,3,3
Salt N Pepper,38,2,0
Salted Chilli,4,0,0
Salut,15,1,4
Salvadores,9,0,1
Samaikya,24,0,0
Samarkand,13,0,2
Sambram Biriyani Paradise,3,0,0
Samosa Express,6,0,3
Samosa King,4,0,0
Samosa Party,15,2,0
Samosa Singh,48,13,1
Samovar,1,0,0
Sampoorna,2,0,0
Samrat Restaurant,34,4,0
Samrudh Veg,6,2,0
Samrudhi,0,4,0
Samskruti - Sanman Gardenia,6,0,0
San Churro Cafe,13,6,1
Sanchez,32,2,2
Sanchez Taqueria & Cantina,3,0,0
Sandhya Veg,0,0,3
Sandras Bar & Restaurant,3,0,1
Sandwich Hub,5,0,2
Sandwich Mama's And Frozen Monster,1,0,0
Sandwich Mamas,0,2,0
Sandwich Shop,7,11,2
Sandwich Truffles,6,2,0
Sandwichwallas,1,0,2
Sangam Kabab Corner,2,2,0
Sangam Sweets,27,5,5
Sanjeevini Veg,2,0,0
Sanjha Chulha,6,6,0
Sankalp Reddy Restaurant,4,0,0
Sankranthi Veg Restaurant,5,0,1
Sankranti,24,10,6
Sanky's Burger House,7,0,0
Sanman Veg,6,0,0
Sannidhi Grand,2,0,0
Santhanam Sweets & Savouries,26,0,0
Santhrupthi,1,0,0
Sapthagiri's Naidu Eating Point,2,0,0
Sardarji Ka Dhaba,20,4,4
Sardarji Londonwaley,36,4,0
Sartaj Ambur Dum Biryani,0,0,0
Sarvam,4,0,0
Satakarni,0,1,0
Sathya's,12,0,0
Satkar,16,6,0
Satkar Restaurant,2,0,0
Sattuani,5,0,0
Sattvam,37,3,0
Sattvic,12,0,0
Savera Cafe,10,0,2
Savitha Family Restaurant,2,0,0
Savoury - Sea Shell Restaurant,8,3,0
Savoury Express,6,2,0
Savoury Restaurant,72,4,7
Sbarro,6,6,6
Scottish Pub,8,0,0
Sea Pot,3,0,0
Sea Spice by 7 Star,2,0,0
Seafood Place,18,0,3
Season - Adarsh Hamilton,10,0,0
Seasons,2,2,0
Second Wife Cafe,6,2,0
Sector 7 CafÃƒÂƒÃ‚ÂƒÃƒÂ‚Ã‚ÂƒÃƒÂƒÃ‚Â‚ÃƒÂ‚Ã‚ÂƒÃƒÂƒÃ‚ÂƒÃƒÂ‚Ã‚Â‚ÃƒÂƒÃ‚Â‚ÃƒÂ‚Ã‚Â©,19,1,0
Seekers Cafe,11,3,1
Selfie Cafe,1,0,0
Sendhoor Coffee,5,0,0
Serenitea4u,1,0,0
Sethji Home Made Food,0,2,0
Seven Spices - Manipal County,26,12,2
Shaadi Ki Biryani,21,38,0
Shaahi Mezbaan Restaurant,10,4,0
Shaan-E-Punjab,1,0,0
Shaap,11,3,5
Shabari Kitchen,8,0,0
Shagun Sweets & Foods,43,0,0
Shahi Darbar,0,0,0
Shahi Family Restaurant,10,3,0
Shahi Kabab,26,2,0
Shahi Rasoi,8,12,0
Shake It Off,25,0,0
Shake N Snack,8,0,0
Shake Tat Bottle,4,0,0
Shakes Theory,11,0,0
Shalimar,4,0,0
Shan Restaurant,44,8,8
Shangai Sun,3,2,0
Shanghai Bistro,4,0,0
Shanghai Court,7,0,1
Shanghai Times,3,0,0
Shankar Maanes Kitchen,36,2,0
Shanmukha,90,15,4
Shanthi Sagar,34,10,8
Shanthi Sagar Deluxe,0,4,0
Shanthi Sweets & Bakery,1,0,0
Sharaab Factory,6,3,0
Sharief Bhai,18,2,0
Sharma's Malai & Masala,16,2,2
Shater Grill House,8,0,0
Shawarma Bae,4,0,0
Shawarma Hunt,10,4,2
Shawarma Inc,5,7,0
Shawarma King Restaurant,7,5,1
Shawarma Time,6,6,0
She Brews,12,3,0
Shebestan - Sterlings MAC Hotel,8,0,0
Sheesh Kebab,14,3,0
Shekhawati Restaurant,11,7,2
Sher-E-Punjab,3,3,0
Sherlock's Cafe,2,0,0
Sherlock's Pub,121,37,13
Shetty's Kitchen,1,0,1
Shezan,8,0,4
Shift,20,0,0
Shilpa Gulati's Desserts,18,0,0
Shilpa Veg,8,0,0
Shiro,52,3,5
Shiv Sagar,6,1,0
Shiv Sager,6,2,0
Shiv Shakthi,10,0,2
Shiv Shankar Chaats,2,0,0
Shiv Shankar Hotel,10,0,0
Shivaji Military Hotel,0,0,0
Shivajinagar Gardi Ustad Pehlwan Kale Bhai Biryani,12,4,0
Shoiab Family Restaurant,2,0,0
Shree Annapoorneshwari Mess,2,0,2
Shree Durgamba Juice Centre,2,10,0
Shree Guru Juice 'N' Ice,1,1,0
Shree Khana Khazana,3,3,0
Shree Mahalakshmi Sweets,2,0,0
Shree Mithai,19,5,2
Shree Muthahalli Veg,46,14,0
Shree Nandini Andhra Mess,0,0,0
Shree Ranga Vilas,1,0,0
Shree Sadguru Refreshment,5,5,0
Shree Saraswathi Sweets Centre,16,0,0
Shree Udupi Grand,6,0,0
Shreedevi,2,0,0
Shreeji Restaurant,13,5,0
Shreya Ranna Ghar,3,0,0
Shreyas Upahar & Burger Point,1,0,0
Shri Krishna Bhavan,1,0,0
Shri Madhuram,4,0,0
Shri Ram Sweet Centre,2,1,0
Shri Vinayaka Ice N Juice,16,2,1
Shringar Sweets & Snacks,7,0,0
Shubh Sweets,10,2,0
Shuddh Desi Khana,5,0,0
Shudh Desi Khana,9,9,0
Shyam's Lunch Box,7,0,0
Shyvan Restaurant,24,12,4
Sichuan,18,2,0
Siddappa Hotel,6,2,1
Siddiqu Kabab Center,7,0,0
Siddique Kabab Centre,46,10,4
Sidewalk Cafe & Bar - The Paul Bangalore,18,0,0
Sidra Eatery,6,4,0
Sihi Chocolaterie,13,0,0
Sila Restaurant,6,2,0
Silbatti,15,3,2
Silver Leaf - Ramee Guestline Hotels,2,0,0
Simhapuri Kitchen,16,1,3
Simhapuri Mess,2,2,0
Simu?s Kitchen,3,0,0
Sindhuri Restaurant,9,2,1
Singh Da Dhaba,2,0,0
Singh Punjabi Dhaba,9,3,0
Singh Saab,4,0,0
Sintales,1,1,0
Sip N Bite,6,3,3
Siridhanya Upahara Darshini,9,0,0
Sitaar,3,0,0
Sitara Veg Restaurant,2,0,2
Sixth Avenue Cafe And Patisserie,40,0,0
Sk Grand Hotel,2,2,2
Skandas Veg Restaurant,16,10,0
Skoolroom,19,0,1
Sky Lounge Bar - Svenska Design Hotel,20,8,0
Skyline Family Restaurant,26,8,4
Skyline Pizzeria,18,2,0
Skylit - Citrus Hotels,30,0,0
Skywalk Restobar,4,0,0
Skyye,31,9,0
Slate Cafe,21,5,0
SlimSins Cafe,19,1,0
Slo' Food Co.2,3,0,0
Slounge - Lemon Tree Hotel,2,0,0
Slounge - Lemon Tree Premier,76,4,0
Slurpy Shakes,2,3,0
Sly Granny - The Community House,20,0,0
Smaaash,72,33,0
Smacznego,7,0,0
Smally's Resto Cafe,113,46,1
Smoke - The Sizzler House,17,7,1
Smoke House Deli,54,3,3
Smoke de Burger,4,0,0
Smoke-A-Pot,6,5,4
Smokey Tribe Restaurant,6,3,0
Smokie Brownie,5,5,0
Smoodies,14,1,0
Smoodys,5,2,0
Smoor,129,8,1
Smooth,4,0,1
Smoothie Hub,2,8,0
Snack House,3,0,0
Snack Knack,25,24,7
Snack'Ups,0,0,2
Snacks Bite,2,3,1
Snacks Joint,6,0,2
Snakk That,3,0,0
Snaxup Restaurant,15,4,1
Snow Gola,1,0,0
Snow'ora,40,0,0
So-Fat's Dosas,20,0,0
Sober Turtle,24,12,4
Somilan Steak House,31,6,3
Sona Chicken Kabab,0,0,0
Sonar Bangala,25,6,2
Soo Ra Sang,3,0,1
SoopeRolls,8,0,1
Sorse,19,1,0
Sotally Tober,55,0,5
Sotang's,1,3,0
Soul Cafe,4,4,4
Soul City,3,0,0
Soul Curry Restaurant,6,6,0
Soul Indian Specialty - Svenska Design Hotel,3,0,0
Soup Station,10,0,0
Soup'ermanz Kitchen,16,4,0
South House,4,2,0
South Inn,45,5,5
South Point Pub,1,0,0
South Side,3,0,0
South Side Grill,10,4,0
South Tiffins,4,0,0
South Treat,3,0,0
Southern Spice,6,5,0
Southindies,12,0,0
Southinn,12,0,0
Spar Refresh,3,0,1
Speedbreaker,6,3,0
Spellbound,3,0,0
Sphyre - Gateway Hotel,2,0,0
Spice,2,0,0
Spice Code,44,3,0
Spice It,4,0,0
Spice It - Ibis Hotel,3,0,0
Spice Resto,0,0,0
Spice Terrace - JW Marriott,11,2,0
Spice Up,9,7,4
Spice of Andhra,36,2,2
Spices,2,0,0
Spicy Corner,6,0,0
Spicy House,4,1,0
Spicy Hub,20,2,4
Spicy Kitchen,5,0,0
Spicy Onion,22,4,0
Spicy Restaurant,36,16,0
Spicy Tadka,6,10,4
Spicy Tandoor,3,15,2
Spicy World,1,0,0
Spoon Me,7,0,0
Spoonful Of Sugar,10,2,4
Spotlight - The Golden Tulip,4,0,0
Spurthi Foods,15,4,1
Squeez Juice Bars,6,1,1
Sree Abhiruchi,10,14,0
Sree Bangalore Bhavan,4,0,0
Sree Krishna Kafe,24,8,0
Sree Krishna Sagar Greens,24,8,0
Sree Spicy Hub,10,2,0
Sreeraj Lassi Bar,19,1,0
Sri Annapoorna Bajji Center,2,0,0
Sri Ayodhya Veg,36,12,0
Sri Bhagya Grand,3,2,0
Sri Dalma,4,4,0
Sri Devi Baker's,2,0,0
Sri Devi Cafe,14,2,0
Sri Durga Cane Fresh,1,0,0
Sri Fast Food,0,2,0
Sri Ganesh Fruit Juice Centre,4,0,0
Sri Ganesh Juice Corner,1,3,0
Sri Ganesh Juice Junction,17,6,0
Sri Ganesha Fruit Juice Centre,4,0,0
Sri Guru Kottureshwara Davangere Benne Dosa,16,3,0
Sri Gurudev Darshini,3,6,6
Sri Jayadurga Biryani,2,0,0
Sri Jayalakshmi Bakery,0,0,0
Sri Krishna Darshini,4,0,0
Sri Krishna Foodline,0,0,0
Sri Krishna Kitchen,33,31,10
Sri Krishna Sagar,30,10,3
Sri Krishna Sweets,69,5,4
Sri Lakshmi Curries & Pickles,8,10,2
Sri Lakshmi Darshini,3,0,0
Sri Lakshmi Dhaba,4,31,7
Sri Lakshmi Vaibhav,9,2,0
Sri Manjunatha Foods,8,2,0
Sri Matha Sagar,4,4,1
Sri Nandi Grand,6,0,0
Sri Pillaiyar Bhavan,6,0,0
Sri Punjabi Dhaba,18,37,0
Sri Rajalakshmi Sweets,1,1,0
Sri Rajasthani Foods,10,0,0
Sri Rama,8,0,4
Sri Rama Vilas Sweets,7,0,0
Sri Sagar,7,0,0
Sri Sai 99 Variety Dosa,6,0,0
Sri Sai Bhavan,28,2,4
Sri Sai Cafe,4,1,0
Sri Sankara Cafe,36,12,0
Sri Sapana Dhaba,6,3,0
Sri Saravana Bhavan,17,0,1
Sri Udupi Food Hub,0,0,0
Sri Udupi Grand,1,1,1
Sri Udupi Park,73,6,9
Sri Udupi Sagar,2,1,0
Sri Udupi Veg,0,0,0
Sri Vasavi Super Sandwich,5,6,0
Sri Vinayaka Andhra Mess,1,0,0
Sri Vishnu Grand,5,1,0
Sri Vishnu Grand & Garden Restaurant,4,0,0
Sri Vishnu Park,3,0,0
Sri Vishnupriya,18,2,0
Sri Yaksha Shiv Sagar,9,5,0
Sriji's Mithai,2,0,0
Srikrishna Bhavan,1,0,0
Srinathji's,11,4,1
Srinidhi Real Food,2,0,0
Srinidhi Sagar,1,0,0
Srinidhi Sagar Food Line,4,3,0
Star Ambur Dum Biryani,0,0,0
Star Kitchen,0,0,0
Starbucks,60,3,1
Stark Bistro,4,0,0
Starlite Bakery & Fastfood,10,0,0
Starnese,3,0,0
Stars 'N' Stripes,8,11,1
Status,16,3,1
Steaming Mugs,1,0,0
Step Right Up,60,0,0
Stir Fry,2,0,0
Stoned Monkey,16,8,7
Stonelicious,10,0,2
Stoner,93,2,1
Stories,17,3,0
Strada Kitchen & Bar,1,0,0
Strikers Sports Bar and Music,0,0,4
Stuffd,36,2,2
Subham Pal Kitchen,2,2,0
Subway,33,30,2
Subz,24,2,0
Suchi Ruchi Veg & Non Veg Resturant,1,0,0
Suchithra Biryani House,14,0,0
Sudhir Vada Pav & Paratha Center,2,0,0
Sufra Restaurant,0,3,0
Sugar & Spice - Taj MG Road Bengaluru,4,0,0
Sugarberryz Cakery,36,4,0
Sukh Sagar,18,3,0
Sulaimani Chai,14,0,0
Sulemani Chichas,8,1,0
Sultan Shah's Restaurant,4,2,0
Sultan's Biryani,12,22,3
Sultan's Creams & Faloodas,0,0,0
Sultans of Spice,64,16,0
Sumai Foods,1,2,0
Sunehri,14,6,0
Sunny Cafe & Kitchen,53,7,0
Sunny Side Bistro,27,12,0
Sunny's,29,6,0
Sunny's Kitchen,16,24,0
Surya Bakery,1,0,1
Suryawanshi,82,0,5
Sutra Spice-The Resto Bar,6,0,0
Suvaai Restaurant,8,0,2
Svadu Sweets,0,0,0
Svadu Sweets & Savouries,9,0,0
Swaad,14,6,2
Swaadam Veg,3,0,0
Swaadpurna,4,0,0
Swad,34,6,0
Swad 'E' Punjab,45,12,3
Swad E Punjab,6,0,0
Swad Plaza,2,6,2
Swad Restaurant,11,6,3
Swad-Deshi Restaurant,3,0,0
Swadd Kitchen,0,0,1
Swadesh Tadka,2,1,0
Swadisht North Indian Restaurant,7,6,0
Swadist Restaurant,1,0,0
Swadista Aahar,27,0,3
Swathi Deluxe Restaurant,10,10,0
Swathi Maharaja,8,0,1
Swathi Restaurant,9,4,1
Swathi Restaurant - The Vintage Inn,2,0,0
Sweet Alley,8,0,0
Sweet Chariot,76,41,3
Sweet Chariot Cafe,1,0,0
Sweet Moments Express,1,0,0
Sweet Revenge,2,2,0
Sweet Truth,57,6,1
Swing,22,9,0
Szechuan Dragon,23,13,0
Szechwan Court - The Oberoi,4,2,0
T.A.K - That Affordable Kitchen,1,2,0
TAB - Take A Break,10,0,0
TBC - The Breakfast Company,5,0,1
TBC Sky Lounge,18,2,0
TFC - Tony's Food Corner,12,6,0
TGS Retails,8,0,0
TOKI Taco House,1,1,0
TRIGEREATO,26,0,0
TRUE BLEU RESTO CAFE,20,0,0
Ta'aam,10,0,0
Taantraa - Organic Handbaking,22,2,0
Taaza Mithai,35,5,0
Taco Bell,79,12,14
Tadkawala,8,0,0
Taipan,4,0,0
Taj Darbar,3,0,0
Taj Durbar,3,0,0
Taj Hotel,12,0,0
Take 5,6,0,0
Take EAT Easy,12,1,0
Take It!,1,2,0
Talk Ease,0,2,0
Talk Over Table,21,3,0
Talk Over Table Cafe,18,2,0
Tall Blonde French,37,4,5
Tandoor,42,8,20
Tandoor And Spice,18,3,0
Tandoor Box,4,0,0
Tandoor Da Funda,14,2,2
Tandoor Garden,47,13,0
Tandoor Hub & Golmaal Paratha,0,2,0
Tandoor Hut,18,3,3
Tandoor Merchant,0,2,0
Tandoor Nation,2,0,0
Tandoor-De-Naal,20,0,0
Tandoori Bytes,12,6,2
Tandoori Club,2,0,0
Tandoori Junction,2,0,1
Tandoori Knight,1,1,1
Tandoori Paradise,6,2,0
Tandoori Taal,34,0,3
Tandoorinn,4,2,0
Tandooriwala,9,9,0
Tangerine - Davanam Sarovar Portico Suites,17,12,6
Tango Bango,0,4,0
Tangra Indo - Chinese Cuisine,6,3,0
TangyLicious,0,0,1
Tanna's Kitchen,2,2,0
Tanuja Home Food,0,1,0
Tap House Resto Bar,8,0,0
Tapout Tavern,27,15,4
Tapri By The Corner,15,1,2
Tarbouche,22,2,0
Targaryen's Kitchen,15,4,1
Taruni Andhra Mess,11,0,0
Taste Of India Family Restaurant,1,0,0
Taste Of Kerala,0,1,0
Taste Of Kolkata,3,0,0
Taste Of Malabar,3,0,0
Taste Of Nawaab's,22,2,6
Taste Of Tibet,7,1,1
Taste of Assam,4,6,1
Taste of Nepal,1,1,0
Tasting Room - Bengaluru Oota Company,40,0,0
Tasty Bites,2,0,0
Tasty Funda,8,0,0
Tasty Jigarthanda,12,4,0
Tasty Khaana Khazana,8,0,0
Tasty King,9,3,0
Tasty Magic,0,3,0
Tasty Noodle,9,0,0
Tasty Treat,0,2,0
Tastybites.com,0,0,2
Tata Cha,80,4,0
Tawa,14,8,2
Tawa Ghar Ka,16,4,0
Tayabbs,10,17,0
Tayo Restaurant,2,0,0
Taza Khaana,13,4,3
Taza Tawa,4,0,0
Tea Addict,20,0,0
Tea Break Lounge,3,3,0
Tea Brew,60,0,0
Tea Journey,0,0,4
Tea and Wine Lounge,20,0,0
TeamDelish,6,1,0
Teashot,25,11,0
Techies Kitchen,4,0,0
Tella Tales,48,7,5
Tellimagic Restaurant,6,0,0
Tempteys,33,11,8
Tempura Restaurant,2,0,0
Tenco Infusions,3,1,0
Tenzin Kitchen,52,6,0
Teppan Japanese Grill & Sushi Bar,45,1,0
Terra Bites,6,1,0
Tetto,9,5,0
Tewari Bros Mithai Shoppie,96,21,12
Thai Chy,16,4,0
Thai House,42,0,2
Thalassery Cafe,1,0,0
Thalassery Mess,4,0,0
Thalassery Restaurant,43,17,3
Thalis Of India,18,31,11
Thamboola,12,2,0
Thanco's Natural Ice Cream,12,0,0
Thanco's Natural Ice Creams,6,0,0
Tharavadu,8,4,0
That Garage Cafe,3,0,0
The 3 Musketeers,3,0,0
The 90s Hash House,4,0,0
The Adukkala Restaurant,8,4,0
The Airos,16,0,0
The Alphaa,2,0,2
The Andhra Bhojanam,3,1,1
The Ants Cafe & Store,45,15,0
The Arabian Nights,2,38,0
The Bahubali,12,0,0
The Baker's,16,24,0
The Bakery World,2,2,0
The Bangalore Cafe,20,0,0
The Bao Belly,9,0,0
The Barn - Bar & Kitchen,40,0,0
The Bawarchi,4,0,2
The Beer Cafe,18,2,0
The Beer Joint,0,1,0
The Belgian Waffle Co.,87,15,5
The Belgian Waffle Company,10,0,0
The Bengaluru Brasserie - Hyatt Centric MG Road,32,1,0
The Biere Club,80,20,0
The Big Barbeque,40,0,0
The Big Grill,3,1,0
The Big Spoon,34,6,0
The Bigman's Cafe,15,4,0
The Biriyani Factory,16,6,0
The Biriyani Pedia,3,0,0
The Biryani Palace,4,14,2
The Biryani Paradise,32,0,0
The Biryani Story,40,0,0
The Biryanis,4,0,0
The Bite Club,16,1,0
The Black Pearl,18,2,0
The Blackboard Bakery,6,2,0
The Blue Wagon - Kitchen,60,0,0
The Bong,0,0,4
The Bong Palate,3,3,0
The Breakfeast,7,0,0
The Brekkie Shop,12,7,3
The Burger Place,9,0,0
The CafÃƒÂƒÃ‚ÂƒÃƒÂ‚Ã‚ÂƒÃƒÂƒÃ‚Â‚ÃƒÂ‚Ã‚ÂƒÃƒÂƒÃ‚ÂƒÃƒÂ‚Ã‚Â‚ÃƒÂƒÃ‚Â‚ÃƒÂ‚Ã‚Â© @ Saanchi,2,0,0
The Cake City,2,0,0
The Cake House,8,0,0
The Cake Lair,0,0,0
The Cake Mart,8,4,0
The Caramelts Cafe,18,2,0
The Chaat Shop,8,0,0
The Chameleon,9,0,3
The Charcoal Factory,7,0,0
The Chariot,68,10,2
The Charlton Bar,0,4,0
The Cheesecake Corner,38,2,0
The Chennai Express,2,0,0
The Chevron Brigade,0,0,0
The Chocolate Heaven,56,12,0
The Chocolate Room,55,3,6
The Coastal Crew by Fujian on 24th,21,0,0
The Coffee Bean & Tea Leaf,24,7,0
The Colony Gastropub,37,2,1
The Combo House,2,0,4
The Courtyard,10,0,2
The Cravery,0,8,0
The Crunch,0,0,1
The Cuboidal,6,0,0
The Culinarium,18,0,0
The Daily,19,1,0
The Deagh,2,0,0
The Deli - The Den Bengaluru,5,2,0
The Denny's,3,0,0
The Dhaba,4,0,0
The Difference,2,1,0
The Diner,6,12,2
The Dining Table - Sahar Pavillion,48,12,0
The Donut Baker,18,2,2
The Duke of Juices,0,8,0
The Early bell,6,2,0
The Egg Factory,110,17,7
The Elachi,3,4,0
The Elaichi Restaurant,8,0,0
The Farm House Bar n Grill,3,0,0
The Fat Chef,12,2,0
The Fisherman's Wharf,17,1,2
The Flying Cup,11,0,1
The Flying Squirrel,6,0,0
The Food Cottage,3,3,0
The Food Dude,1,0,0
The Food Factory,0,2,0
The Foodware Veg,1,0,0
The Foodyz,2,0,2
The French Loaf,39,29,3
The Fresh Wok,6,1,1
The Ganache Factory,9,0,0
The Globe Grub,24,0,0
The Gluten Free Baking Co.,38,2,0
The Golden Spoon Restaurant Meat & Wine,0,1,0
The Good Bowl,19,3,1
The Good Grain,8,2,0
The Grand Taj,0,4,0
The Grill House,142,0,13
The Grilled & Fried,17,4,0
The Grillo,1,0,1
The Grub Central,14,3,3
The Hidden Cafe,9,7,4
The Himalayan,21,3,0
The House Of Paratha,4,2,0
The Hub & The Bar - Hotel Ramada Encore,12,0,0
The Hub - Ibis Hotel,57,8,0
The Humble Pie,4,0,0
The Humming Tree,8,0,0
The Hungers Zone,6,0,0
The Hungry,4,0,0
The Hungry Shark Cafe,8,0,0
The Hyderabad Chefs,3,17,0
The Hyderbadi Chefs,6,0,0
The IT Crowd,1,0,0
The Irish House,0,0,0
The J,32,4,0
The Jade Kitchen,14,4,2
The Juicy,7,0,3
The Jungle Terrace,4,0,0
The Kebab Room - Restaurant & Brewery,12,2,2
The Kitchen,27,1,0
The Kitchen Bandit,23,30,7
The Kitchen Chef,3,13,4
The Kitchen Story,2,0,0
The Konkan - Seafood Restaurant,60,0,0
The Kream Story,17,0,1
The Krishna Grand,9,2,0
The Krishna Grand Xpress,3,1,0
The Lantern Restaurant & Bar - The Ritz-Carlton...,15,0,0
The Lassi Bar,1,0,0
The Lassi Park,18,2,1
The Leela Cake Shop - The Leela Palace,1,0,0
The Lemon Grass Kitchen,2,0,0
The Litti Company,13,0,0
The Little Chef,2,0,0
The Little Kitchen,39,15,0
The Lobby Brew - Conrad Bengaluru,9,0,0
The Lobby Lounge - The Ritz-Carlton,2,0,0
The London Shakes,16,0,0
The Lounge - Eden Park Restaurants,2,0,0
The Lounge - The Chancery Pavilion,10,1,0
The Lovin' Oven Cakery,14,0,0
The Mad Teapot,12,4,2
The Magic Chef,34,0,0
The Mangalorean,7,0,0
The Maori - Aurick Boutique Hotel,34,6,0
The Marash,36,0,0
The Marina,20,0,0
The Market - The Ritz-Carlton,19,0,0
The Meal Story,20,0,0
The Milkshake Theory,20,5,0
The Mirchi,1,0,0
The Modak,6,0,0
The Monalisa Restaurant,0,0,0
The Mughal's,6,0,0
The Mylapore Cafe,20,0,0
The Night King,3,0,0
The Night Watch Express,10,28,2
The North and South Restaurant,0,1,1
The Only Place,54,6,0
The Open Box,15,4,1
The Open Cafe,5,0,0
The Oriental Spice - Ashraya Hotel,6,0,0
The Pallavas ( Authentic Taste Of Southern Cuisine ),4,0,0
The Pancake Story,38,0,2
The Paramount Hotel,33,24,0
The Paratha Company,67,0,1
The Paratha Stories,2,3,0
The Parotta Master,12,6,2
The Pastry House,32,6,2
The Pavillion,29,29,2
The Perfect Stop,5,0,0
The Pizzeria,0,1,0
The Podium Sports Bar,4,0,0
The Punjabi Bites,19,1,0
The Punjabi Rasoi,48,12,0
The Rasaganga,6,0,0
The Rasoiya Street,56,3,1
The Red Tandoor,6,2,0
The Rendezvous,10,0,0
The Rennan's Cafe,6,13,1
The Restaurant,8,0,0
The Restaurant - Coorg,14,2,0
The Retro,20,18,2
The Rice Bowl,45,0,0
The Ritz-Carlton Bar - The Ritz-Carlton,6,0,0
The Rolling Pin,10,0,0
The RoofTop,0,0,0
The Royal Corner - Pai Viceroy,2,0,0
The Salad Studio,1,1,0
The Sanctuary,19,1,0
The Sandesh Factory,0,0,0
The Sandwich Club,3,0,0
The Shawarma Inc,2,0,0
The Shawarma Shop,6,3,0
The Smoke Co.,19,1,0
The Sofraah Kebabs & Kurries - Eden Park Restaurants,4,0,0
The Souk,14,7,0
The Spice Bazaar,32,3,0
The Spice Box,10,4,1
The Spice Factory,25,13,0
The Spice Pavillion,2,0,0
The Spicy Kitchen,8,6,2
The Studio Cafe,1,0,0
The Sugar Fairy,2,0,0
The Sugar Therapy,24,0,0
The Table,28,4,8
The Tandoori Chai,33,3,0
The Tao Terraces,34,3,0
The Teal Door Cafe,28,12,0
The Terminus - The Oterra,4,0,0
The Terrace at Gilly's Redefined,20,0,0
The Terrace at Windmills Craftworks,4,0,0
The Thali Company,1,1,0
The ThickShake Factory,12,2,1
The Thickshake Factory,4,0,0
The Three Dragons,4,0,0
The Tower Of Pizza,5,6,0
The Trundle,2,0,0
The Twenty Handmade Chocolates,20,0,0
The US Burger,3,4,1
The Underground Gastropub,6,2,0
The Vacationer's Cafe,52,0,4
The Vape,14,6,0
The Velu's,3,0,0
The Village Hotel,9,0,0
The Waffcake Legacy,18,2,0
The Waffle Press,30,4,0
The Waffle Street,4,0,0
The Waffles Hut,30,5,0
The Whiskey Bar,4,0,0
The Wicked Cup,9,3,0
The Wok,2,2,0
The Wok Shop,47,0,0
The Yellow Chilli,6,0,0
The Yellow Tuk-Tuk Cafe,6,0,0
The Yogisthaan Cafe,120,1,11
The little Kitchen,0,0,0
TheRiceBowl.In,24,0,4
Third Wave Coffee Roasters,128,11,0
This Cafe Has No Name Cafe,34,6,0
Thom's Bakery,8,0,0
Thomson's Bakery,2,0,0
Thottathil Restaurant,4,0,0
ThrowBack - Pub & Dine,5,5,0
Thrupthi Restaurant,4,0,0
Thyme & Whisk,5,1,0
Tiamo - Conrad Bengaluru,21,3,0
Tibbs Frankie,15,11,2
Tibetan Kitchen,22,3,0
Tibetan Mother's Kitchen,21,6,0
Tiffanys,2,0,2
Tiffin Room - Miraya Hotel & Residences,0,0,0
Tiffun,1,0,0
Tiger Trail - Ramada Hotel,27,9,0
Tiger Trail - Royal Orchid Hotel,6,0,0
Tijouri,1,0,0
Tikka Kebab,30,10,0
Till The Last Bite,4,0,0
Tilt Gastro Lounge,19,1,0
Tim Cafe,3,3,0
Tim Tai,38,2,0
Time Traveller - Sai Vishram,12,0,0
Timepass Dinner,2,0,0
Tippler,16,4,0
Tipsy Bull - The Bar Exchange,19,1,0
Tiwari's,17,3,0
Toast & Tonic,17,0,3
Toit,18,1,1
Tomago Roast,30,0,0
Tongue Twisters,4,2,0
Top Foam Parantha Roll & Juice Centre,16,0,0
Toscano,129,5,0
Tosco,8,1,0
Treat,13,1,2
Treat Restaurant,2,0,0
Treatley,6,4,1
Tree Top,2,0,0
Tree Tops Bar & Kitchen,44,3,3
Trendz Corner,8,4,1
Trick Or Treat,33,3,0
Trinity Club Lounge,12,4,2
Trippy Paradise,27,33,0
Tripura Express,1,2,1
Trisha's Kitchen,4,3,2
Troll,0,2,2
Truffles,57,3,0
Tuba Rolls & Snacks,0,2,0
Tuffreys,4,0,0
Tummy Delight,20,2,4
Tummy Fuel,27,0,0
Tunday Kababi,47,8,5
Turkish Shawarma,16,8,2
Turquoise,12,3,5
Twiststick House,4,0,0
Two Friends Cauldron,28,2,0
Two States,2,0,0
U.P. Dhaba,8,6,4
UBCR,7,0,0
UBCR Cafe & Resto,6,0,0
UBQ By Barbeque Nation,3,2,1
UBQ by Barbeque Nation,15,10,0
UNIK Food,0,0,0
UP Style North Indian Food,2,0,0
UTHRA,7,0,1
Uday Sweets,6,0,0
Udupas Veg Restaurant,6,1,0
Udupi Bhavan,4,0,0
Udupi Delux,2,2,0
Udupi Food Junction,0,0,0
Udupi Gokul Cafe,1,0,0
Udupi Grand,10,2,1
Udupi Grand Veg,1,4,1
Udupi Palace,6,2,2
Udupi Ruchi,7,0,0
Udupi Savi Thindi,2,1,0
Udupi Sri Krishna Cafe,6,0,0
Udupi Thaja Thindi,3,3,0
Udupi Upachar,2,6,0
Udupi Upahar,2,0,0
Udupi Upahara,1,0,0
Ujwal Restaurant,4,0,0
Ultra Biriyani Paradise,4,1,0
Uma Bhai Restaurant,11,0,1
Uma Ki Rasoi,4,0,0
Umami & Beyond,2,0,0
Uncle's Kitchen,3,3,1
Under The Hood,2,0,0
Under The Tree,14,22,4
Unicorn Bar & Restaurant,2,0,0
Unlock - The Restobar,8,2,0
Unlock - The Restobar - Keys Hotel,14,4,0
Uno Chicago Bar & Grill,14,0,0
Up Bhavan,4,0,0
Upahara Darshini,10,3,1
Upahara Mandira,5,2,3
Upahara Sagar,14,8,2
Upsouth,6,0,0
Uptown Sliders & Shakes,12,0,0
Ur Cutlet Factory,0,0,1
Urban Solace - CafÃƒÂƒÃ‚ÂƒÃƒÂ‚Ã‚ÂƒÃƒÂƒÃ‚Â‚ÃƒÂ‚Ã‚ÂƒÃƒÂƒÃ‚ÂƒÃƒÂ‚Ã‚Â‚ÃƒÂƒÃ‚Â‚ÃƒÂ‚Ã‚Â© for the Soul,21,0,0
Urban Spoon Buffet Restaurant,30,8,2
Urban Treat,3,0,0
Urban Udupi Veg Restaurant,8,0,0
Ustaad Biryani,6,0,0
Utopia,18,22,0
Utsav Restaurant,3,0,0
Utse Kitchen,49,5,0
Uttar Karnataka Meals Restaurant,1,0,0
VMS Star Biriyani,5,5,0
VRS Food Zone,0,0,0
VT Sindhur Veg,12,3,0
Vaathsalya Millet Cafe,8,0,0
Vaho Kafe & Pressery,9,11,0
Vaigai Express,4,1,1
Vakulaa Veg Restaurant,6,0,2
Vanas,6,0,2
Vani Hindu Military Hotel,2,0,1
Vapour Pub & Brewery,16,4,0
Vasu Biriyani Paradise,8,2,0
Vasudev Adiga's,19,20,1
Veg By Nature,0,2,0
Vegan Heat,17,6,2
Vegetarea,2,3,2
Velvet Kitchen,1,0,0
Vembanad - The Paul,5,0,0
Venadu Restaurant,0,0,0
Venice Kerala Restaurant,18,0,0
Venkateshwara Foods,8,8,0
Venkateshwara Sweets and Restaurant,4,0,2
Vennela Andhra Meals,2,0,0
Venus Bake Point,8,0,0
Venus Biryani,3,3,0
Veruthe Oru Thattukada,3,0,0
Via Milano,13,0,0
Viceroy's Sarathi,10,0,0
Vidya Cafe,4,0,2
Vietnamese Kitchen,65,2,21
Vijaya Gardenia,0,3,0
Vijayalakshmi,3,1,0
Vijayalakshmi Veg,33,6,6
Vijayawada Heights,6,30,4
Vijayawada Style,1,0,0
Vijayawadavari Sandya Andhra Mess,14,0,0
Vijayawadawari Sandhya Andhra Mess,2,0,0
Village - The Soul of India,14,0,6
Village Donne Biryani,3,0,0
Village Palace,7,12,1
Village Restaurant,16,12,4
Vimmi's Cafe,8,11,1
Vinaya Cafe,12,2,0
Vinaya Royal Inn,2,0,0
Vindu Andhra Ruchulu,0,0,0
Vinny's,52,2,6
Vintage Shack,6,0,0
Visantoe,1,1,1
Vishnu Sagar,2,2,0
Vishwaas Take Away,8,2,0
Vitamin Palace,14,0,0
Vms Star Biriyani,19,0,1
Volga Restaurant,8,0,2
Vov Shawarma,0,2,0
Vyanjan,8,4,0
Vyshali Food Corner,7,0,0
WAFL,26,5,0
WAFL CafÃƒÂƒÃ‚ÂƒÃƒÂ‚Ã‚ÂƒÃƒÂƒÃ‚Â‚ÃƒÂ‚Ã‚ÂƒÃƒÂƒÃ‚ÂƒÃƒÂ‚Ã‚Â‚ÃƒÂƒÃ‚Â‚ÃƒÂ‚Ã‚Â©,10,0,0
WAFL Co,19,0,1
WAT Bar - Sterlings MAC Hotel,24,0,2
WOW Momo,1,1,0
WOW! Momo,11,8,2
WTF,48,0,0
WYT RestroPub,28,12,0
Waah Chef,6,4,0
Waffle Head,4,0,1
Waffle House,6,2,2
Waffle Magic,78,0,5
Waffle Square,6,0,0
Waffle Stories,38,1,2
Waffle Talesz,2,1,0
Waffle-A-Go Go,1,0,0
Waikiki,1,0,0
Wakeup Cafe,12,2,0
Wakhra Swaad,8,2,2
Walnut Kitchen,6,2,0
Wang's Xanadu Momo,2,0,0
Wangs Kitchen,10,11,0
Wanley,3,0,0
Warm Oven,32,8,1
Wat-a-Burger!,19,0,0
Wats Ur Scoop?,19,1,0
Watson's,132,46,10
We Foodie,4,9,0
WelcomCafe Jacaranda - WelcomHotel Bengaluru,2,0,0
What the Food,22,6,0
What's Cooking,6,14,0
What'sinaPita,6,2,0
Whats Ap,0,0,0
Wheat House,0,12,4
Whisk' N Creme',4,0,0
White Elefan Coffee and Snack Bar,3,0,0
Whitefield Baking Company - Bengaluru Marriott Hotel...,51,9,0
Whitefield Bar and Grill - Bengaluru Marriott Hotel...,1,0,0
Whooppeezz,11,5,4
Wild Range Restaurant,17,3,0
Willys Top Cafe,16,4,0
Windy- Taste Of Home,1,1,0
Wish Pot,2,0,1
Wok Paper Scissors,36,4,0
Wok Steam & Grills,1,0,0
Wok With Chung,4,0,2
Wolf'ish,34,4,2
Woodee Pizza,15,15,0
Woodfire Pizza,1,0,0
Woodstok,10,0,0
Woody's,21,7,1
World In A Bowl,22,14,2
World Of Kebabs,4,0,0
World of Waffles,40,7,1
Wow Momo,2,0,2
Wow Paratha,4,0,1
Wow Vada Pav,34,19,5
XO Belgian Waffle,134,0,0
XOOX Brewmill,0,0,0
XU,8,2,0
Xian,5,0,0
Xpress Biryani,85,4,1
Xpress Chai,6,0,0
Xpress Kitchen,3,1,0
Xtreme Sports Bar,30,2,4
Y Not Restaurant,0,4,0
YORK St.,80,0,0
Yak's Kitchen,1,0,0
Yauatcha,20,0,0
Yauatcha PÃƒÂƒÃ‚ÂƒÃƒÂ‚Ã‚ÂƒÃƒÂƒÃ‚Â‚ÃƒÂ‚Ã‚ÂƒÃƒÂƒÃ‚ÂƒÃƒÂ‚Ã‚Â‚ÃƒÂƒÃ‚Â‚ÃƒÂ‚Ã‚Â¢tisserie,7,0,0
Yeruva Biriyani,13,5,1
Yeti,42,3,3
Yo! Thali,3,0,0
Yomama!!,30,3,0
Yuan Restaurant,1,0,2
Yum In My Tum,19,1,0
Yum Kitchen,12,26,2
YumYumDilli,40,19,7
YumYumSouth,52,43,5
Yumatos,2,0,0
Yumlane,7,1,0
YummRajj,3,0,3
Yummerica Fries,8,8,2
Yummy Biryani,42,15,3
Yummy Momos,12,4,3
Yummy Tummy,0,1,0
Z Cafe,8,0,0
Z-Bar,27,0,0
ZOROY Luxury Chocolate,3,0,0
Zabi,1,0,1
Zaffron Express,8,2,0
Zaica Dine & Wine,51,10,0
Zaikedar Kitchen,2,0,0
Zaiqa,0,0,0
Zaitoon,66,8,4
Zam Zam Darbar,1,0,0
Zangos Grill,4,0,0
Zanzibar - Davanam Sarovar Portico Suites,46,10,1
Zatar House,2,0,0
Zayakedar,3,0,0
Zayan Kabab Korner,12,1,1
Zee5 Loft,20,0,0
Zeee's,10,4,0
Zeeshan,19,6,2
Zen - The Leela Palace,3,0,0
Zengi Pub & Restaurant,4,0,0
Zero Kelvin,12,2,0
Zero Mile Punjab,66,14,0
Zhang's - Chinese Restaurant,23,0,0
Zhangs Classic,1,0,0
Zingron,3,6,3
Ziyan's Cafe 27th,30,4,2
Zodiac,2,0,0
Zodiac - Fortune Select JP Cosmos Hotel,6,0,0
Zodiac Grills,4,2,0
Zoey's,16,3,1
de Ranthal,14,0,0
eat.fit,100,20,3
i-Bar - The Park Bangalore,8,8,8
iSpice Resto Cafe,3,0,0
